Title,US Gross,Worldwide Gross,US DVD Sales,Production Budget,Release Date,MPAA Rating,Running Time (min),Distributor,Source,Major Genre,Creative Type,Director,Rotten Tomatoes Rating,IMDB Rating,IMDB Votes
The Land Girls,146083,146083,NA,8000000,12-Jun-98,R,NA,Gramercy,NA,NA,NA,NA,NA,6.1,1071
"First Love, Last Rites",10876,10876,NA,300000,7-Aug-98,R,NA,Strand,NA,Drama,NA,NA,NA,6.9,207
I Married a Strange Person,203134,203134,NA,250000,28-Aug-98,NA,NA,Lionsgate,NA,Comedy,NA,NA,NA,6.8,865
Let's Talk About Sex,373615,373615,NA,300000,11-Sep-98,NA,NA,Fine Line,NA,Comedy,NA,NA,13,NA,NA
Slam,1009819,1087521,NA,1000000,9-Oct-98,R,NA,Trimark,Original Screenplay,Drama,Contemporary Fiction,NA,62,3.4,165
Mississippi Mermaid,24551,2624551,NA,1600000,15-Jan-99,NA,NA,MGM,NA,NA,NA,NA,NA,NA,NA
Following,44705,44705,NA,6000,4-Apr-99,R,NA,Zeitgeist,NA,NA,NA,Christopher Nolan,NA,7.7,15133
Foolish,6026908,6026908,NA,1600000,9-Apr-99,R,NA,Artisan,Original Screenplay,Comedy,Contemporary Fiction,NA,NA,3.8,353
Pirates,1641825,6341825,NA,40000000,1-Jul-86,R,NA,NA,NA,NA,NA,Roman Polanski,25,5.8,3275
Duel in the Sun,20400000,20400000,NA,6000000,31-Dec-46,NA,NA,NA,NA,NA,NA,NA,86,7,2906
Tom Jones,37600000,37600000,NA,1000000,7-Oct-63,NA,NA,NA,NA,NA,NA,NA,81,7,4035
Oliver!,37402877,37402877,NA,10000000,11-Dec-68,NA,NA,Sony Pictures,NA,Musical,NA,NA,84,7.5,9111
To Kill A Mockingbird,13129846,13129846,NA,2000000,25-Dec-62,NA,NA,Universal,NA,NA,NA,NA,97,8.4,82786
"Tora, Tora, Tora",29548291,29548291,NA,25000000,23-Sep-70,NA,NA,NA,NA,NA,NA,Richard Fleischer,NA,NA,NA
Hollywood Shuffle,5228617,5228617,NA,100000,1-Mar-87,NA,NA,NA,NA,NA,NA,NA,87,6.8,1532
Over the Hill to the Poorhouse,3000000,3000000,NA,100000,17-Sep-20,NA,NA,NA,NA,NA,NA,NA,NA,NA,NA
Wilson,2000000,2000000,NA,5200000,1-Aug-44,NA,NA,NA,NA,NA,NA,NA,NA,7,451
Darling Lili,5000000,5000000,NA,22000000,1-Jan-70,NA,NA,NA,NA,NA,NA,Blake Edwards,NA,6.1,858
The Ten Commandments,80000000,80000000,NA,13500000,5-Oct-56,NA,NA,NA,NA,NA,NA,NA,90,2.5,1677
12 Angry Men,0,0,NA,340000,13-Apr-57,NA,NA,United Artists,Original Screenplay,Drama,NA,Sidney Lumet,NA,8.9,119101
Twelve Monkeys,57141459,168841459,NA,29000000,27-Dec-95,R,NA,Universal,Based on Short Film,Drama,Science Fiction,Terry Gilliam,NA,8.1,169858
1776,0,0,NA,4000000,9-Nov-72,PG,NA,Sony/Columbia,Based on Play,Drama,Historical Fiction,NA,57,7,4099
1941,34175000,94875000,NA,32000000,14-Dec-79,NA,NA,Universal,Original Screenplay,Comedy,Historical Fiction,Steven Spielberg,33,5.6,13364
Chacun sa nuit,18435,18435,NA,1900000,29-Jun-07,Not Rated,NA,Strand,Original Screenplay,Thriller/Suspense,NA,NA,NA,6.3,365
2001: A Space Odyssey,56700000,68700000,NA,10500000,2-Apr-68,NA,NA,NA,Original Screenplay,NA,Science Fiction,Stanley Kubrick,96,8.4,160342
"20,000 Leagues Under the Sea",28200000,28200000,NA,5000000,23-Dec-54,NA,NA,Walt Disney Pictures,Based on Book/Short Story,Adventure,NA,Richard Fleischer,92,NA,NA
"20,000 Leagues Under the Sea",8000000,8000000,NA,200000,24-Dec-16,NA,NA,NA,Based on Book/Short Story,Adventure,NA,NA,NA,NA,NA
24 7: Twenty Four Seven,72544,72544,NA,2000000,15-Apr-98,R,NA,October Films,Original Screenplay,Comedy,NA,Shane Meadows,NA,6.9,1417
Twin Falls Idaho,985341,1027228,NA,500000,30-Jul-99,R,NA,Sony Pictures Classics,Original Screenplay,Drama,Contemporary Fiction,Michael Polish,77,7.1,2810
Three Kingdoms: Resurrection of the Dragon,0,22139590,NA,20000000,3-Apr-08,R,NA,NA,Based on Book/Short Story,Action,Historical Fiction,NA,NA,NA,NA
3 Men and a Baby,167780960,167780960,NA,15000000,25-Nov-87,NA,NA,Walt Disney Pictures,Remake,Comedy,Contemporary Fiction,Leonard Nimoy,NA,5.7,16764
3 Ninjas Kick Back,11744960,11744960,NA,20000000,6-May-94,PG,NA,Walt Disney Pictures,Original Screenplay,Action,Contemporary Fiction,NA,17,3.2,3107
Forty Shades of Blue,75828,172569,NA,1500000,28-Sep-05,R,NA,Vitagraph Films,Original Screenplay,Drama,NA,NA,NA,6,873
42nd Street,2300000,2300000,NA,439000,9-Mar-33,NA,NA,Warner Bros.,Based on Book/Short Story,Musical,NA,NA,95,7.7,4263
Four Rooms,4301000,4301000,NA,4000000,25-Dec-95,R,NA,Miramax,Original Screenplay,Comedy,Contemporary Fiction,Robert Rodriguez,14,6.4,34328
The Four Seasons,42488161,42488161,NA,6500000,22-May-81,NA,NA,Universal,Original Screenplay,Comedy,Contemporary Fiction,Alan Alda,71,7,1814
Four Weddings and a Funeral,52700832,242895809,NA,4500000,9-Mar-94,R,NA,Gramercy,Original Screenplay,Romantic Comedy,Contemporary Fiction,Mike Newell,96,7.1,39003
51 Birch Street,84689,84689,NA,350000,18-Oct-06,Not Rated,NA,Truly Indie,NA,NA,NA,NA,97,7.4,439
55 Days at Peking,10000000,10000000,NA,17000000,NA,NA,NA,NA,Original Screenplay,Drama,NA,NA,57,6.8,2104
Nine 1/2 Weeks,6734844,6734844,NA,18000000,21-Feb-86,NA,NA,MGM,Based on Book/Short Story,Drama,Contemporary Fiction,Adrian Lyne,NA,5.4,12731
AstÈrix aux Jeux Olympiques,999811,132999811,NA,113500000,4-Jul-08,Not Rated,NA,Alliance,Based on Comic/Graphic Novel,Adventure,Fantasy,NA,NA,4.9,5620
The Abyss,54243125,54243125,NA,70000000,9-Aug-89,PG-13,NA,20th Century Fox,Original Screenplay,Action,Science Fiction,James Cameron,88,7.6,51018
Action Jackson,20257000,20257000,NA,7000000,12-Feb-88,NA,NA,Lorimar Motion Pictures,Original Screenplay,Action,Contemporary Fiction,NA,10,4.6,3856
Ace Ventura: Pet Detective,72217396,107217396,NA,12000000,4-Feb-94,PG-13,NA,Warner Bros.,Original Screenplay,Comedy,Contemporary Fiction,Tom Shadyac,49,6.6,63543
Ace Ventura: When Nature Calls,108360063,212400000,NA,30000000,10-Nov-95,PG-13,NA,Warner Bros.,Original Screenplay,Comedy,Contemporary Fiction,Steve Oedekerk,NA,5.6,51275
April Fool's Day,12947763,12947763,NA,5000000,27-Mar-86,NA,NA,Paramount Pictures,Original Screenplay,Horror,Contemporary Fiction,NA,31,NA,NA
Among Giants,64359,64359,NA,4000000,26-Mar-99,R,NA,Fox Searchlight,Original Screenplay,Romantic Comedy,NA,NA,NA,5.7,546
Annie Get Your Gun,8000000,8000000,NA,3768785,17-May-50,NA,NA,MGM,Based on Book/Short Story,Musical,NA,NA,100,7.1,1326
Alice in Wonderland,0,0,NA,3000000,28-Jul-51,NA,NA,RKO Radio Pictures,Based on Book/Short Story,Musical,NA,NA,20,6.7,63458
The Princess and the Cobbler,669276,669276,NA,24000000,25-Aug-95,G,NA,Miramax,Original Screenplay,Adventure,Fantasy,NA,NA,7.3,893
The Alamo,7900000,7900000,NA,12000000,24-Oct-60,PG-13,NA,United Artists,Original Screenplay,Western,Historical Fiction,John Wayne,54,5.9,10063
Alexander's Ragtime Band,4000000,4000000,NA,2000000,NA,NA,NA,20th Century Fox,Original Screenplay,Drama,NA,NA,NA,NA,NA
Alive,36299670,36299670,NA,32000000,15-Jan-93,R,NA,Walt Disney Pictures,Based on Book/Short Story,Adventure,Dramatization,Frank Marshall,71,3.2,124
Amen,274299,274299,NA,14000000,24-Jan-03,Not Rated,NA,Kino International,Based on Play,Drama,NA,Costa-Gavras,NA,7.4,5416
American Graffiti,115000000,140000000,NA,777000,11-Aug-73,NA,NA,Universal,Original Screenplay,Comedy,NA,George Lucas,97,7.6,30952
American Ninja 2: The Confrontation,4000000,4000000,NA,350000,NA,NA,NA,NA,Original Screenplay,Action,NA,Sam Firstenberg,NA,3.7,2495
The American President,60022813,107822813,NA,62000000,17-Nov-95,PG-13,NA,Sony Pictures,Original Screenplay,Romantic Comedy,Contemporary Fiction,Rob Reiner,90,6.8,22780
Annie Hall,38251425,38251425,NA,4000000,20-Apr-77,NA,NA,MGM,Original Screenplay,Comedy,NA,Woody Allen,98,8.2,65406
Anatomie,9598,9598,NA,2500000,8-Sep-00,Not Rated,NA,Sony Pictures,Original Screenplay,Horror,NA,NA,NA,6.1,6266
The Adventures of Huck Finn,24103594,24103594,NA,6500000,2-Apr-93,PG,NA,Walt Disney Pictures,Based on Book/Short Story,Adventure,Historical Fiction,Stephen Sommers,62,5.8,3095
The Apartment,18600000,24600000,NA,3000000,NA,NA,NA,United Artists,Original Screenplay,Romantic Comedy,NA,Billy Wilder,91,8.4,36485
Apocalypse Now,78800000,78800000,3479242,31500000,15-Aug-79,R,NA,MGM,Based on Book/Short Story,Action,Historical Fiction,Francis Ford Coppola,98,8.6,173141
Arachnophobia,53208180,53208180,NA,31000000,18-Jul-90,NA,NA,Walt Disney Pictures,Original Screenplay,Thriller/Suspense,Science Fiction,Frank Marshall,85,6.2,20528
Arn - Tempelriddaren,0,14900000,NA,16500000,25-Dec-07,R,NA,NA,Based on Book/Short Story,Action,Historical Fiction,NA,NA,6.4,6251
Arnolds Park,23616,23616,NA,600000,19-Oct-07,PG-13,NA,The Movie Partners,Original Screenplay,Thriller/Suspense,Contemporary Fiction,NA,NA,5.1,77
Sweet Sweetback's Baad Asssss Song,15200000,15200000,NA,150000,1-Jan-71,NA,NA,NA,NA,NA,NA,NA,NA,5.6,1769
And Then Came Love,8158,8158,NA,989000,1-Jun-07,Not Rated,NA,Fox Meadow,NA,Comedy,NA,NA,17,4.4,200
Around the World in 80 Days,42000000,42000000,NA,6000000,17-Oct-56,PG,NA,United Artists,Based on Book/Short Story,Adventure,NA,NA,73,5.6,21516
Barbarella,0,0,NA,9000000,10-Oct-68,NA,NA,Paramount Pictures,Based on Comic/Graphic Novel,Adventure,Science Fiction,NA,74,5.7,10794
Barry Lyndon,20000000,20000000,NA,11000000,NA,NA,NA,Warner Bros.,Based on Book/Short Story,Drama,NA,Stanley Kubrick,94,8.1,39909
"Barbarians, The",800000,800000,NA,4000000,NA,NA,NA,NA,NA,NA,NA,NA,NA,5.4,236
Babe,63658910,246100000,NA,30000000,4-Aug-95,G,NA,Universal,Based on Book/Short Story,Adventure,Contemporary Fiction,Chris Noonan,98,7.3,35644
Boynton Beach Club,3127472,3127472,NA,2900000,24-Mar-06,R,104,Wingate Distribution,Original Screenplay,Romantic Comedy,Contemporary Fiction,NA,NA,NA,NA
Baby's Day Out,16581575,16581575,NA,50000000,1-Jul-94,PG,NA,20th Century Fox,Original Screenplay,Comedy,Contemporary Fiction,Patrick Read Johnson,21,5,8332
Bound by Honor,4496583,4496583,NA,35000000,16-Apr-93,NA,NA,Walt Disney Pictures,Original Screenplay,NA,NA,Taylor Hackford,NA,7.7,10142
"Bon Cop, Bad Cop",12671300,12671300,NA,8000000,4-Aug-06,Not Rated,NA,Alliance,Original Screenplay,Comedy,Contemporary Fiction,NA,67,6.9,151
Back to the Future,210609762,381109762,NA,19000000,3-Jul-85,NA,NA,Universal,Original Screenplay,Adventure,Science Fiction,Robert Zemeckis,96,8.4,201598
Back to the Future Part II,118450002,332000000,NA,40000000,22-Nov-89,NA,NA,Universal,Original Screenplay,Adventure,Science Fiction,Robert Zemeckis,64,7.5,87341
Back to the Future Part III,87666629,243700000,NA,40000000,24-May-90,NA,NA,Universal,Original Screenplay,Adventure,Science Fiction,Robert Zemeckis,71,7.1,77541
Butch Cassidy and the Sundance Kid,102308900,102308900,NA,6000000,24-Oct-69,NA,NA,20th Century Fox,NA,Western,Historical Fiction,George Roy Hill,90,8.2,57602
Bad Boys,65647413,141247413,NA,23000000,7-Apr-95,R,NA,Sony Pictures,Original Screenplay,Action,Contemporary Fiction,Michael Bay,39,6.6,53929
Body Double,8801940,8801940,NA,10000000,26-Oct-84,NA,NA,Sony/Columbia,Original Screenplay,Thriller/Suspense,Contemporary Fiction,Brian De Palma,84,6.4,9738
"The Beast from 20,000 Fathoms",5000000,5000000,NA,210000,13-Jun-53,NA,NA,Warner Bros.,Based on Book/Short Story,NA,NA,NA,90,NA,NA
Beastmaster 2: Through the Portal of Time,773490,773490,NA,6000000,30-Aug-91,NA,NA,New Line,Based on Book/Short Story,NA,Fantasy,NA,17,3.3,1327
The Beastmaster,10751126,10751126,NA,5000000,20-Aug-82,NA,NA,MGM,Based on Book/Short Story,Action,Fantasy,NA,50,5.7,5734
Ben-Hur,9000000,9000000,NA,3900000,30-Dec-25,NA,NA,MGM,Based on Book/Short Story,Adventure,NA,NA,NA,8.2,58510
Ben-Hur,73000000,73000000,NA,15000000,18-Nov-59,NA,NA,MGM,Based on Book/Short Story,Adventure,NA,William Wyler,91,8.2,58510
Benji,31559560,31559560,NA,500000,15-Nov-74,NA,NA,NA,Original Screenplay,Adventure,NA,NA,83,5.8,1801
Before Sunrise,5274005,5274005,NA,2500000,27-Jan-95,R,NA,Sony Pictures,Original Screenplay,Drama,Contemporary Fiction,Richard Linklater,100,8,39705
Beauty and the Beast,171340294,403476931,NA,20000000,13-Nov-91,G,NA,Walt Disney Pictures,Based on Book/Short Story,Musical,Fantasy,Gary Trousdale,93,3.4,354
The Best Years of Our Lives,23600000,23600000,NA,2100000,21-Nov-46,NA,NA,RKO Radio Pictures,Based on Book/Short Story,Drama,NA,William Wyler,97,8.2,17338
The Ballad of Gregorio Cortez,909000,909000,NA,1305000,19-Aug-83,NA,NA,Embassy,Based on Book/Short Story,Western,Historical Fiction,NA,NA,NA,NA
My Big Fat Independent Movie,4655,4655,NA,3000000,30-Sep-05,R,NA,Big Fat Movies,NA,Comedy,Contemporary Fiction,NA,23,3.2,1119
Battle for the Planet of the Apes,8800000,8800000,NA,1800000,NA,NA,NA,20th Century Fox,NA,NA,Science Fiction,Jack Lee Thompson,38,5,6094
Big Things,0,0,NA,50000,31-Dec-09,NA,NA,NA,NA,NA,NA,NA,NA,NA,NA
Bogus,4357406,4357406,NA,32000000,6-Sep-96,PG,NA,Warner Bros.,Original Screenplay,Comedy,Fantasy,Norman Jewison,40,4.8,2742
Beverly Hills Cop,234760478,316300000,NA,15000000,5-Dec-84,NA,NA,Paramount Pictures,Original Screenplay,Action,Contemporary Fiction,Martin Brest,83,7.3,45065
Beverly Hills Cop II,153665036,276665036,NA,20000000,20-May-87,R,NA,Paramount Pictures,Original Screenplay,Action,Contemporary Fiction,Tony Scott,46,6.1,29712
Beverly Hills Cop III,42586861,119180938,NA,50000000,25-May-94,R,NA,Paramount Pictures,Original Screenplay,Action,Contemporary Fiction,John Landis,10,5,21199
The Black Hole,35841901,35841901,NA,20000000,21-Dec-79,NA,NA,Walt Disney Pictures,Original Screenplay,NA,Science Fiction,NA,42,5.6,7810
Bathory,0,3436763,NA,15000000,10-Jul-08,NA,NA,NA,NA,NA,NA,NA,NA,6.1,1446
Big,114968774,151668774,NA,18000000,3-Jun-88,NA,NA,20th Century Fox,Original Screenplay,Comedy,Fantasy,Penny Marshall,96,7.2,49256
The Big Parade,11000000,22000000,NA,245000,1-Jan-25,NA,NA,MGM,Based on Play,Drama,NA,King Vidor,100,8.4,2600
Boyz n the Hood,56190094,56190094,NA,6500000,12-Jul-91,NA,NA,Sony Pictures,Original Screenplay,Drama,Contemporary Fiction,John Singleton,98,7.8,30299
"The Book of Mormon Movie, Volume 1: The Journey",1660865,1660865,NA,2000000,12-Sep-03,PG,NA,Distributor Unknown,Based on Book/Short Story,Drama,Historical Fiction,NA,NA,NA,NA
Return to the Blue Lagoon,2000000,2000000,NA,11000000,NA,NA,NA,NA,NA,NA,NA,NA,NA,4.3,4632
"Bright Lights, Big City",16118077,16118077,NA,25000000,1-Apr-88,R,NA,United Artists,Based on Book/Short Story,Drama,Contemporary Fiction,NA,61,6.8,11929
The Blue Bird,887000,887000,NA,1200000,NA,NA,NA,20th Century Fox,Based on Play,NA,Fantasy,George Cukor,NA,4.9,359
The Blue Butterfly,1610194,1610194,NA,10400000,20-Feb-04,PG,NA,Alliance,Original Screenplay,Drama,Contemporary Fiction,NA,44,6.2,817
Blade Runner,32656328,33139618,NA,28000000,25-Jun-82,R,NA,Warner Bros.,Based on Book/Short Story,Thriller/Suspense,Science Fiction,Ridley Scott,92,8.3,185546
Bloodsport,11806119,11806119,NA,1500000,26-Feb-88,NA,NA,Cannon,Original Screenplay,Action,Contemporary Fiction,NA,NA,6.2,19816
The Blues Brothers,57229890,57229890,NA,27000000,20-Jun-80,NA,NA,Universal,Original Screenplay,Musical,Contemporary Fiction,John Landis,84,7.9,62941
Blow Out,13747234,13747234,NA,18000000,24-Jul-81,NA,NA,Filmways Pictures,Original Screenplay,Thriller/Suspense,Contemporary Fiction,Brian De Palma,89,7.1,10239
De battre mon coeur s'est arrÍtÈ,1023424,8589831,NA,5500000,1-Jul-05,Not Rated,NA,WellSpring,Original Screenplay,Drama,Contemporary Fiction,NA,NA,7.3,7295
The Broadway Melody,2800000,4358000,NA,379000,NA,NA,NA,MGM,Original Screenplay,Musical,NA,NA,38,6.7,2017
Boom Town,9172000,9172000,NA,2000000,NA,NA,NA,MGM,Original Screenplay,NA,NA,NA,NA,7.1,1115
Bound,3802260,6300000,NA,4500000,4-Oct-96,R,NA,Gramercy,Original Screenplay,Thriller/Suspense,Contemporary Fiction,Andy Wachowski,88,7.4,23564
Bang,527,527,NA,10000,1-Apr-96,NA,NA,JeTi Films,Original Screenplay,Thriller/Suspense,Contemporary Fiction,"Jeff ""King Jeff"" Hollins",NA,6.3,369
Bill & Ted's Bogus Journey,37537675,37537675,NA,20000000,19-Jul-91,NA,NA,Orion Pictures,Original Screenplay,Comedy,Fantasy,Peter Hewitt,58,5.8,20188
The Birth of a Nation,10000000,11000000,NA,110000,8-Feb-15,NA,NA,NA,Based on Book/Short Story,Drama,NA,NA,100,7.1,8901
The Ballad of Cable Hogue,3500000,5000000,NA,3716946,13-May-70,NA,NA,Warner Bros.,Original Screenplay,Western,Historical Fiction,Sam Peckinpah,92,7.3,3125
The Blood of Heroes,882290,882290,NA,7700000,23-Feb-90,NA,NA,New Line,Original Screenplay,Action,NA,NA,NA,6.2,2523
Boomerang,70052444,131052444,NA,42000000,1-Jul-92,NA,NA,Paramount Pictures,Original Screenplay,Comedy,Contemporary Fiction,NA,37,5.9,202
The Bridge on the River Kwai,33300000,33300000,NA,3000000,18-Dec-57,NA,NA,Sony/Columbia,Based on Book/Short Story,Drama,NA,David Lean,95,8.4,58641
Born on the Fourth of July,70001698,70001698,NA,14000000,20-Dec-89,NA,NA,Universal,Based on Book/Short Story,Drama,Dramatization,Oliver Stone,89,7.2,32108
Basquiat,2962051,2962051,NA,3000000,9-Aug-96,R,NA,Miramax,Based on Real Life Events,Drama,Dramatization,Julian Schnabel,69,6.7,7935
Black Rain,45892212,45892212,NA,30000000,22-Sep-89,NA,NA,Paramount Pictures,Original Screenplay,Thriller/Suspense,Contemporary Fiction,Ridley Scott,57,4.1,137
Bottle Rocket,407488,407488,NA,5000000,21-Feb-96,R,NA,Sony Pictures,Based on Short Film,Adventure,NA,Wes Anderson,79,7.2,21980
Braindead,242623,242623,NA,3000000,12-Feb-93,NA,NA,Trimark,Original Screenplay,Horror,NA,Peter Jackson,NA,7.6,32827
The Bridges of Madison County,71516617,175516617,NA,22000000,2-Jun-95,PG-13,NA,Warner Bros.,Based on Book/Short Story,Drama,Historical Fiction,Clint Eastwood,90,7.2,21923
The Brothers McMullen,10426506,10426506,NA,25000,9-Aug-95,R,NA,Fox Searchlight,Original Screenplay,Drama,Contemporary Fiction,Edward Burns,91,6.4,4365
Dracula,82522790,215862692,NA,40000000,13-Nov-92,R,NA,Sony Pictures,Based on Book/Short Story,Horror,Fantasy,Francis Ford Coppola,NA,6.4,136
Broken Arrow,70645997,148345997,NA,65000000,9-Feb-96,R,108,20th Century Fox,Original Screenplay,Action,Contemporary Fiction,John Woo,55,5.8,33584
Brainstorm,8921050,8921050,NA,15000000,30-Sep-83,NA,NA,MGM,Based on Book/Short Story,Thriller/Suspense,Science Fiction,NA,64,6.3,4410
Braveheart,75545647,209000000,NA,72000000,24-May-95,R,NA,Paramount Pictures,Based on Real Life Events,Drama,Dramatization,Mel Gibson,77,8.4,240642
Brazil,9929135,9929135,NA,15000000,18-Dec-85,R,136,Universal,Original Screenplay,Black Comedy,Fantasy,Terry Gilliam,98,8,76635
Blazing Saddles,119500000,119500000,NA,2600000,1-Jan-74,NA,NA,Warner Bros.,Original Screenplay,Comedy,NA,Mel Brooks,89,7.8,45771
The Basket,609042,609042,NA,1300000,5-May-00,PG,NA,MGM,Original Screenplay,Drama,NA,NA,NA,6.3,343
Bathing Beauty,3500000,3500000,NA,2361000,NA,NA,NA,MGM,Original Screenplay,Musical,NA,NA,NA,6.2,487
Bill & Ted's Excellent Adventure,39916091,39916091,NA,10000000,17-Feb-89,NA,NA,Orion Pictures,Original Screenplay,Comedy,Science Fiction,Stephen Herek,81,6.7,30341
A Bridge Too Far,50800000,50800000,NA,26000000,15-Jun-77,NA,NA,MGM,Based on Book/Short Story,Action,NA,Sir Richard Attenborough,67,7.3,16882
Beetle Juice,73326666,73326666,NA,15000000,30-Mar-88,NA,NA,Warner Bros.,Original Screenplay,Comedy,Fantasy,Tim Burton,NA,7.3,61197
Batman Returns,162831698,266822354,NA,80000000,18-Jun-92,PG-13,NA,Warner Bros.,Original Screenplay,Action,Super Hero,Tim Burton,78,6.9,78673
Batman Forever,184031112,336529144,NA,100000000,16-Jun-95,PG-13,NA,Warner Bros.,Original Screenplay,Action,Super Hero,Joel Schumacher,43,5.4,76218
Batman,251188924,411348924,NA,35000000,23-Jun-89,PG-13,NA,Warner Bros.,Based on Comic/Graphic Novel,Action,Super Hero,Tim Burton,71,7.6,111464
Buffy the Vampire Slayer,14231669,14231669,NA,7000000,31-Jul-92,NA,NA,20th Century Fox,Original Screenplay,Horror,Fantasy,NA,32,5.3,16056
Bienvenue chez les Ch'tis,1470856,243470856,NA,16000000,25-Jul-08,Not Rated,109,Link Productions Ltd.,Original Screenplay,Comedy,Contemporary Fiction,NA,NA,7,7129
Beyond the Valley of the Dolls,9000000,9000000,NA,1000000,1-Jan-70,NA,NA,20th Century Fox,Original Screenplay,Comedy,NA,NA,68,5.7,4626
Broken Vessels,15030,85343,NA,600000,2-Jul-99,R,NA,NA,Original Screenplay,Drama,NA,NA,NA,6.4,399
The Boys from Brazil,19000000,19000000,NA,12000000,NA,NA,NA,20th Century Fox,Based on Book/Short Story,Thriller/Suspense,NA,Franklin J. Schaffner,65,7,8741
The Business of Fancy Dancing,174682,174682,NA,200000,10-May-02,Not Rated,NA,Outrider Pictures,Original Screenplay,Drama,Contemporary Fiction,NA,NA,7,355
Caddyshack,39846344,39846344,NA,6000000,25-Jul-80,NA,NA,Warner Bros.,Original Screenplay,Comedy,Contemporary Fiction,Harold Ramis,75,7.3,35436
Cape Fear,79091969,182291969,NA,35000000,15-Nov-91,R,NA,Universal,Remake,Thriller/Suspense,Contemporary Fiction,Martin Scorsese,76,7.3,47196
Clear and Present Danger,122012656,207500000,NA,62000000,3-Aug-94,PG-13,NA,Paramount Pictures,Based on Book/Short Story,Action,Contemporary Fiction,Phillip Noyce,78,6.8,29612
Carrie,25878153,25878153,NA,1800000,16-Nov-76,NA,NA,MGM,Based on Book/Short Story,Horror,Contemporary Fiction,Brian De Palma,90,7.4,38767
Casino Royale,22744718,41744718,NA,12000000,28-Apr-67,NA,NA,Sony Pictures,Based on Book/Short Story,Comedy,Contemporary Fiction,John Huston,30,8,172936
Camping Sauvage,3479302,3479302,NA,4600000,16-Jul-04,Not Rated,NA,Alliance,Original Screenplay,Comedy,Contemporary Fiction,NA,NA,6,378
The Cotton Club,25928721,25928721,NA,48000000,14-Dec-84,NA,NA,Orion Pictures,Original Screenplay,Drama,Historical Fiction,Francis Ford Coppola,74,6.3,6940
Close Encounters of the Third Kind,166000000,337700000,NA,20000000,16-Nov-77,NA,NA,Sony Pictures,Original Screenplay,Adventure,Science Fiction,Steven Spielberg,95,7.8,59049
The Cable Guy,60240295,102825796,NA,47000000,14-Jun-96,PG-13,95,Sony Pictures,Original Screenplay,Comedy,Contemporary Fiction,Ben Stiller,52,5.8,51109
Chocolate: Deep Dark Secrets,49000,1549000,NA,1000000,16-Sep-05,Not Rated,NA,Eros Entertainment,Original Screenplay,Thriller/Suspense,Contemporary Fiction,NA,NA,4.6,527
Child's Play,33244684,44196684,NA,9000000,9-Nov-88,NA,NA,United Artists,Original Screenplay,Horror,Fantasy,NA,70,6.3,16165
Child's Play 2,26904572,34166572,NA,13000000,9-Nov-90,NA,NA,Universal,Original Screenplay,Horror,Fantasy,NA,38,5.1,8666
Chain Reaction,21226204,60209334,NA,55000000,2-Aug-96,PG-13,106,20th Century Fox,Original Screenplay,Action,Contemporary Fiction,Andrew Davis,13,5.2,15817
Charly,814666,814666,NA,950000,27-Sep-02,PG,NA,Excel Entertainment,Based on Book/Short Story,Drama,Contemporary Fiction,NA,NA,5.8,60
Chariots of Fire,57159946,57159946,NA,5500000,25-Sep-81,NA,NA,Sony Pictures,Based on Real Life Events,Drama,Dramatization,Hugh Hudson,86,7.3,16138
A Christmas Story,19294144,19294144,NA,3250000,18-Nov-83,PG,NA,MGM,Based on Book/Short Story,Comedy,Historical Fiction,NA,88,8,51757
Cat on a Hot Tin Roof,17570324,17570324,NA,3000000,20-Sep-58,NA,NA,MGM,Based on Play,Drama,Contemporary Fiction,Richard Brooks,100,8,14540
C.H.U.D.,4700000,4700000,NA,1250000,31-Aug-84,NA,NA,New World,Original Screenplay,Horror,Fantasy,NA,NA,5,2806
Crooklyn,13024170,13024170,NA,14000000,13-May-94,PG-13,NA,Universal,Original Screenplay,Comedy,Historical Fiction,Spike Lee,75,6.5,3137
Festen,1647780,1647780,NA,1300000,9-Oct-98,R,NA,October Films,Original Screenplay,Comedy,Contemporary Fiction,Thomas Vinterberg,NA,8.1,26607
Cleopatra,48000000,62000000,NA,36000000,12-Jun-63,NA,NA,20th Century Fox,Based on Real Life Events,Drama,Dramatization,NA,40,6.8,7870
Cliffhanger,84049211,255000000,NA,65000000,28-May-93,NA,NA,Sony Pictures,Original Screenplay,Action,Contemporary Fiction,Renny Harlin,82,6.2,34447
The Californians,4134,4134,NA,500000,21-Oct-05,PG,NA,Fabrication Films,Original Screenplay,Drama,Contemporary Fiction,NA,NA,5.1,226
The Client,92115211,117615211,NA,45000000,20-Jul-94,PG-13,NA,Warner Bros.,Based on Book/Short Story,Drama,Contemporary Fiction,Joel Schumacher,80,6.5,19299
The Calling,32092,32092,NA,160000,1-Mar-02,PG,NA,Testimony Pictures,Original Screenplay,Drama,Contemporary Fiction,Michael C. Brown,NA,3.4,1113
Clueless,56598476,56598476,NA,13700000,1-Jul-95,PG-13,NA,Paramount Pictures,Based on Book/Short Story,Comedy,Contemporary Fiction,Amy Heckerling,83,6.7,39055
The Color Purple,93589701,93589701,NA,15000000,18-Dec-85,NA,NA,Warner Bros.,Based on Book/Short Story,Drama,Historical Fiction,Steven Spielberg,88,7.7,26962
Clerks,3073428,3073428,NA,27000,19-Oct-94,R,NA,Miramax,Original Screenplay,Comedy,Contemporary Fiction,Kevin Smith,88,7.9,89991
Central do Brasil,5969553,17006158,NA,2900000,20-Nov-98,R,NA,Sony Pictures Classics,Original Screenplay,Drama,Contemporary Fiction,Walter Salles,NA,8,17343
Clash of the Titans,30000000,30000000,NA,15000000,12-Jun-81,NA,108,MGM,Traditional/Legend/Fairytale,Adventure,Fantasy,NA,65,5.9,45773
Clockwatchers,444354,444354,NA,2000000,15-May-98,PG-13,NA,Artistic License,NA,NA,NA,NA,NA,5.9,3171
Commando,35073978,35073978,NA,10000000,4-Oct-85,NA,NA,20th Century Fox,Original Screenplay,Action,Contemporary Fiction,NA,71,4.5,49
The Color of Money,52293000,52293000,NA,10000000,17-Oct-86,NA,NA,Walt Disney Pictures,NA,Drama,Contemporary Fiction,Martin Scorsese,91,6.9,25824
Cinderella,85000000,85000000,NA,2900000,15-Feb-50,NA,NA,Walt Disney Pictures,Traditional/Legend/Fairytale,Drama,Fantasy,NA,92,5.1,373
Congo,81022333,152022333,NA,50000000,9-Jun-95,PG-13,NA,Paramount Pictures,Based on Book/Short Story,Adventure,Contemporary Fiction,Frank Marshall,21,4.6,17954
Conan the Barbarian,38264085,38264085,NA,20000000,14-May-82,NA,NA,Universal,Based on Book/Short Story,Action,Fantasy,John Milius,76,6.8,38886
Conan the Destroyer,26400000,26400000,NA,18000000,29-Jun-84,NA,NA,Universal,Based on Book/Short Story,Action,Fantasy,Richard Fleischer,29,5.4,20368
Class of 1984,6965361,6965361,NA,3250000,20-Aug-82,NA,NA,United Film Distribution Co.,Original Screenplay,Drama,Contemporary Fiction,NA,NA,6.3,2945
The Clan of the Cave Bear,1953732,1953732,NA,15000000,17-Jan-86,NA,NA,Warner Bros.,Based on Book/Short Story,Adventure,Historical Fiction,NA,13,4.9,2763
The Case of the Grinning Cat,7033,7033,NA,200000,21-Jul-06,Not Rated,NA,First Run/Icarus,Based on Real Life Events,Documentary,Factual,NA,NA,NA,NA
Bacheha-Ye aseman,925402,925402,NA,180000,22-Jan-99,PG,NA,Miramax,Original Screenplay,Comedy,Contemporary Fiction,NA,NA,8,6657
Coming Home,32653000,32653000,NA,3000000,NA,NA,NA,NA,NA,NA,NA,Hal Ashby,81,7.3,4410
Cool Runnings,68856263,155056263,NA,14000000,1-Oct-93,NA,NA,Walt Disney Pictures,Based on Real Life Events,Comedy,Contemporary Fiction,Jon Turteltaub,73,6.5,24533
Conquest of the Planet of the Apes,9700000,9700000,NA,1700000,NA,NA,NA,NA,NA,NA,NA,Jack Lee Thompson,44,5.8,6188
Cure,94596,94596,NA,10000,6-Jul-01,Not Rated,NA,NA,NA,NA,NA,NA,NA,7.4,2724
Crocodile Dundee,174803506,328000000,NA,5000000,26-Sep-86,NA,NA,Paramount Pictures,Original Screenplay,Comedy,Contemporary Fiction,NA,88,6.5,27277
Dayereh,673780,673780,NA,10000,9-Mar-01,Not Rated,NA,WinStar Cinema,Original Screenplay,Drama,Contemporary Fiction,NA,NA,7.3,1851
Karakter,713413,713413,NA,4500000,27-Mar-98,R,NA,Sony Pictures Classics,Based on Book/Short Story,Drama,Historical Fiction,NA,NA,7.8,5531
Creepshow,20036244,20036244,NA,8000000,10-Nov-82,NA,NA,Warner Bros.,Based on Book/Short Story,Horror,Fantasy,George A. Romero,67,6.5,12530
Creepshow 2,14000000,14000000,NA,3500000,1-May-87,NA,NA,New World,Based on Book/Short Story,Horror,Fantasy,NA,26,5.4,5910
The Crying Game,62546695,62546695,NA,4000000,25-Nov-92,R,NA,Miramax,Original Screenplay,Drama,Contemporary Fiction,Neil Jordan,100,7.3,21195
Crimson Tide,91387195,159387195,NA,55000000,12-May-95,R,NA,Walt Disney Pictures,Original Screenplay,Action,Contemporary Fiction,Tony Scott,86,7.2,33354
Caravans,1000000,1000000,NA,14000000,NA,NA,NA,Universal,Based on Book/Short Story,Adventure,Historical Fiction,NA,NA,5.8,173
Casablanca,10462500,10462500,NA,950000,NA,NA,NA,Warner Bros.,Based on Play,Drama,Historical Fiction,Michael Curtiz,97,8.8,167939
Casino,42438300,110400000,NA,52000000,22-Nov-95,R,NA,Universal,Based on Book/Short Story,Drama,Historical Fiction,Martin Scorsese,81,8.1,108634
Casper,100328194,282300000,NA,55000000,26-May-95,PG,NA,Universal,Based on TV,Comedy,Fantasy,Brad Silberling,41,5.7,26121
Can't Stop the Music,2000000,2000000,NA,20000000,NA,NA,NA,NA,Original Screenplay,Musical,Contemporary Fiction,NA,NA,3.5,2146
Catch-22,24911670,24911670,NA,18000000,24-Jun-70,NA,NA,Paramount Pictures,Based on Book/Short Story,Comedy,Historical Fiction,Mike Nichols,87,7.1,9671
City Hall,20278055,20278055,NA,40000000,16-Feb-96,R,111,Sony Pictures,Original Screenplay,Drama,Contemporary Fiction,Harold Becker,55,6.1,9908
Cutthroat Island,10017322,10017322,NA,92000000,22-Dec-95,PG-13,NA,MGM,Original Screenplay,Adventure,Historical Fiction,Renny Harlin,45,5.3,10346
La femme de chambre du Titanic,244465,244465,NA,10000000,14-Aug-98,NA,NA,MGM,Based on Book/Short Story,Drama,Historical Fiction,NA,NA,6.8,822
Cat People,4000000,8000000,NA,134000,16-Nov-42,NA,NA,RKO Radio Pictures,Original Screenplay,Drama,Fantasy,NA,91,5.9,6791
Courage Under Fire,59003384,100833145,NA,46000000,12-Jul-96,R,115,20th Century Fox,Original Screenplay,Drama,Historical Fiction,Edward Zwick,85,6.6,19682
C'era una volta il West,5321508,5321508,NA,5000000,28-May-69,PG-13,NA,Paramount Pictures,Original Screenplay,Western,Historical Fiction,Sergio Leone,NA,8.8,74184
The Conversation,4420000,4420000,NA,1600000,7-Apr-74,NA,NA,Paramount Pictures,Original Screenplay,Thriller/Suspense,Contemporary Fiction,Francis Ford Coppola,98,8.1,33005
Cavite,70071,71644,NA,7000,26-May-06,Not Rated,NA,Truly Indie,Original Screenplay,Thriller/Suspense,Contemporary Fiction,NA,NA,6,487
Copycat,32051917,32051917,NA,20000000,27-Oct-95,R,NA,Warner Bros.,Original Screenplay,Thriller/Suspense,Contemporary Fiction,Jon Amiel,75,6.5,17182
Dark Angel,4372561,4372561,NA,7000000,28-Sep-90,NA,NA,Triumph Releasing,Original Screenplay,Action,Science Fiction,NA,NA,5.3,3396
"Boot, Das",11487676,84970337,NA,12000000,10-Feb-82,R,NA,Sony/Columbia,Based on Book/Short Story,Drama,Historical Fiction,Wolfgang Petersen,NA,4.3,2184
Desperado,25532388,25532388,NA,7000000,25-Aug-95,R,NA,Sony Pictures,Original Screenplay,Action,Contemporary Fiction,Robert Rodriguez,61,7,51515
Dumb & Dumber,127175374,246400000,NA,16000000,16-Dec-94,PG-13,NA,New Line,Original Screenplay,Comedy,Contemporary Fiction,Bobby Farrelly,NA,7.2,88093
Diamonds Are Forever,43800000,116000000,NA,7200000,17-Dec-71,NA,NA,MGM,Based on Book/Short Story,Action,NA,Guy Hamilton,67,6.7,25354
The Dark Half,9579068,9579068,NA,15000000,23-Apr-93,NA,NA,Orion Pictures,Based on Book/Short Story,Horror,Fantasy,George A. Romero,NA,5.7,5488
The Dark Hours,423,423,NA,400000,13-Oct-05,R,NA,Freestyle Releasing,NA,Horror,NA,NA,NA,6.3,2804
Dante's Peak,67163857,178200000,NA,115000000,7-Feb-97,PG-13,108,Universal,Original Screenplay,Drama,Contemporary Fiction,Roger Donaldson,28,5.6,23472
Daylight,32908290,158908290,NA,80000000,6-Dec-96,PG-13,115,Universal,Original Screenplay,Action,Contemporary Fiction,Rob Cohen,22,5.4,20052
Dick Tracy,103738726,162738726,NA,47000000,15-Jun-90,NA,NA,Walt Disney Pictures,Based on Comic/Graphic Novel,Action,Super Hero,Warren Beatty,65,5.9,25364
Decoys,84733,84733,NA,5000000,27-Feb-04,R,NA,NA,NA,NA,NA,NA,NA,4.4,2486
Dawn of the Dead,5100000,55000000,NA,1500000,20-Apr-79,NA,NA,United Film Distribution Co.,NA,Horror,NA,NA,NA,7.4,73875
The Addams Family,113502246,191502246,NA,30000000,22-Nov-91,NA,NA,Paramount Pictures,Based on TV,Comedy,Fantasy,Barry Sonnenfeld,59,6.6,28907
Death Becomes Her,58422650,149022650,NA,55000000,31-Jul-92,NA,NA,Universal,Original Screenplay,Comedy,Fantasy,Robert Zemeckis,53,6,27681
Def-Con 4,210904,210904,NA,1300000,15-Mar-85,NA,NA,New World,Original Screenplay,Action,Science Fiction,NA,NA,3.8,639
Dead Poets' Society,95860116,239500000,NA,16400000,2-Jun-89,NA,NA,Walt Disney Pictures,Original Screenplay,Drama,Contemporary Fiction,Peter Weir,86,7.8,89662
The Day the Earth Stood Still,3700000,3700000,NA,1200000,4-Mar-03,NA,NA,NA,NA,NA,NA,NA,94,5.5,51517
Deep Throat,45000000,45000000,NA,25000,30-Jun-72,NA,NA,NA,NA,NA,NA,NA,NA,5.2,3075
The Dead Zone,20766000,20766000,NA,10000000,21-Oct-83,NA,NA,Paramount Pictures,Based on Book/Short Story,Horror,Fantasy,David Cronenberg,NA,7.3,19485
Die Hard 2,117323878,239814025,NA,70000000,3-Jul-90,NA,NA,20th Century Fox,Based on Book/Short Story,Action,Contemporary Fiction,Renny Harlin,NA,7,79636
Die Hard: With a Vengeance,100012499,364480746,NA,90000000,19-May-95,R,NA,20th Century Fox,Based on Book/Short Story,Action,Contemporary Fiction,John McTiernan,NA,7.4,87437
Dragonheart,51364680,104364680,NA,57000000,31-May-96,PG-13,108,Universal,Original Screenplay,Adventure,Fantasy,Rob Cohen,50,6.2,26309
Die Hard,81350242,139109346,NA,28000000,15-Jul-88,NA,NA,20th Century Fox,Based on Book/Short Story,Action,Contemporary Fiction,John McTiernan,94,7.3,237
Diner,12592907,12592907,NA,5000000,2-Apr-82,NA,NA,MGM,Original Screenplay,Comedy,Historical Fiction,Barry Levinson,96,7.1,7803
Dil Jo Bhi Kahey...,129319,129319,NA,1600000,23-Sep-05,Not Rated,NA,Eros Entertainment,Original Screenplay,Drama,NA,NA,NA,5,159
Don Juan DeMarco,22032635,22032635,NA,25000000,7-Apr-95,PG-13,NA,New Line,Original Screenplay,Drama,Contemporary Fiction,NA,73,6.6,20386
Tales from the Crypt: Demon Knight,21089146,21089146,NA,12000000,13-Jan-95,R,NA,Universal,Original Screenplay,Horror,Fantasy,NA,NA,6.4,6430
Dead Man Walking,39387284,83088295,NA,11000000,29-Dec-95,R,NA,Gramercy,Based on Real Life Events,Drama,Dramatization,Tim Robbins,94,7.6,32159
Dances with Wolves,184208842,424200000,NA,19000000,9-Nov-90,NA,NA,Orion Pictures,Based on Book/Short Story,Western,Historical Fiction,Kevin Costner,76,8,71399
Dangerous Liaisons,34700000,34700000,NA,14000000,21-Dec-88,NA,NA,Warner Bros.,Based on Book/Short Story,Drama,Historical Fiction,Stephen Frears,93,7.7,25761
Donovan's Reef,6600000,6600000,NA,2686000,NA,NA,NA,NA,NA,NA,NA,John Ford,60,6.6,2907
Due occhi diabolici,349618,349618,NA,9000000,25-Oct-91,NA,NA,NA,NA,NA,NA,NA,NA,5.9,2059
Double Impact,29090445,29090445,NA,16000000,9-Aug-91,NA,NA,Sony Pictures,Original Screenplay,Action,Contemporary Fiction,Sheldon Lettich,8,4.7,10426
The Doors,34167219,34167219,NA,40000000,1-Mar-91,NA,NA,Sony Pictures,Based on Real Life Events,Drama,Dramatization,Oliver Stone,57,7,29750
Day of the Dead,5804262,34004262,NA,3500000,3-Jul-85,NA,NA,United Film Distribution Co.,NA,Horror,NA,George A. Romero,78,4.5,8395
Days of Thunder,82670733,157670733,NA,60000000,27-Jun-90,NA,NA,Paramount Pictures,Original Screenplay,Action,Contemporary Fiction,Tony Scott,40,5.4,25395
Dracula: Pages from a Virgin's Diary,39659,84788,NA,1100000,14-May-03,Not Rated,NA,NA,NA,NA,NA,NA,NA,7,1013
Dolphin,14000,14000,NA,170000,NA,NA,NA,NA,Based on Real Life Events,Documentary,Factual,NA,NA,5.8,134
The Dress,16556,16556,NA,2650000,16-Jan-98,Not Rated,NA,Attitude Films,Original Screenplay,Drama,NA,NA,NA,7.6,1844
The Deer Hunter,50000000,50000000,NA,15000000,NA,NA,NA,Universal,Original Screenplay,Drama,NA,Michael Cimino,NA,8.2,88095
Dragonslayer,6000000,6000000,NA,18000000,26-Jun-81,NA,NA,Paramount Pictures,Original Screenplay,Action,Fantasy,NA,82,6.8,4945
Driving Miss Daisy,106593296,106593296,NA,7500000,13-Dec-89,NA,NA,Warner Bros.,Based on Play,Drama,Historical Fiction,Bruce Beresford,78,7.5,22566
Dressed to Kill,31899000,31899000,NA,6500000,1-Jan-80,NA,NA,NA,NA,NA,NA,Brian De Palma,84,7.1,9556
Do the Right Thing,26004026,26004026,NA,6000000,30-Jun-89,NA,NA,Universal,Original Screenplay,Comedy,Contemporary Fiction,Spike Lee,98,7.9,26877
Dune,27447471,27447471,NA,45000000,14-Dec-84,NA,NA,Universal,Based on Book/Short Story,Action,Science Fiction,David Lynch,62,6.5,38489
Dolphins and Whales Tribes of the Ocean 3D,7714996,17252287,NA,6000000,15-Feb-08,Not Rated,NA,3D Entertainment,Based on Real Life Events,Documentary,Factual,NA,NA,NA,NA
Down & Out with the Dolls,58936,58936,NA,1200000,21-Mar-03,R,NA,Indican Pictures,NA,NA,NA,NA,NA,5.8,75
Dream With The Fishes,542909,542909,NA,1000000,20-Jun-97,R,NA,Sony Pictures Classics,Original Screenplay,Drama,Contemporary Fiction,NA,58,6.6,1188
Doctor Zhivago,111721000,111721000,NA,11000000,22-Dec-65,PG-13,NA,MGM,Based on Book/Short Story,Drama,Historical Fiction,David Lean,84,8,27671
The Evil Dead,2400000,29400000,NA,375000,15-Apr-83,NC-17,NA,New Line,NA,Horror,NA,Sam Raimi,NA,7.6,45030
Evil Dead II,5923044,5923044,NA,3500000,13-Mar-87,NA,NA,Rosebud Releasing,NA,Horror,Fantasy,Sam Raimi,NA,7.9,44214
Army of Darkness,11502976,21502976,NA,11000000,19-Feb-93,R,NA,Universal,NA,Horror,Fantasy,Sam Raimi,NA,7.6,55671
Ed and his Dead Mother,673,673,NA,1800000,NA,NA,NA,NA,NA,NA,NA,NA,50,5.6,829
Edward Scissorhands,53976987,53976987,NA,20000000,7-Dec-90,NA,NA,20th Century Fox,Original Screenplay,Comedy,Fantasy,Tim Burton,91,8,102485
Ed Wood,5828466,5828466,NA,18000000,30-Sep-94,R,NA,Walt Disney Pictures,Based on Book/Short Story,Comedy,Dramatization,Tim Burton,91,8.1,74171
The Egyptian,15000000,15000000,NA,5000000,NA,NA,NA,NA,NA,NA,NA,Michael Curtiz,NA,6.2,1097
Everyone Says I Love You,9725847,34600000,NA,20000000,6-Dec-96,R,NA,Miramax,Original Screenplay,Musical,Contemporary Fiction,Woody Allen,80,6.8,16481
The Elephant Man,26010864,26010864,NA,5000000,3-Oct-80,NA,NA,NA,NA,NA,NA,David Lynch,91,8.4,58194
Emma,22231658,37831658,NA,5900000,2-Aug-96,PG,111,Miramax,Based on Book/Short Story,Romantic Comedy,Historical Fiction,NA,NA,6.8,13798
Star Wars Ep. V: The Empire Strikes Back,290271960,534171960,10027926,23000000,21-May-80,PG,NA,20th Century Fox,Original Screenplay,Adventure,Science Fiction,NA,NA,NA,NA
Escape from New York,25244700,25244700,NA,6000000,10-Jul-81,NA,NA,Avco Embassy,Original Screenplay,Action,Science Fiction,John Carpenter,82,7.1,34497
Escape from L.A.,25426861,25426861,NA,50000000,9-Aug-96,R,101,Paramount Pictures,Original Screenplay,Action,Science Fiction,John Carpenter,56,5.3,23262
Escape from the Planet of the Apes,12300000,12300000,NA,2500000,NA,NA,NA,NA,NA,NA,Science Fiction,NA,78,6.1,7686
Eraser,101295562,234400000,NA,100000000,21-Jun-96,R,115,Warner Bros.,Original Screenplay,Action,Contemporary Fiction,Chuck Russell,34,5.9,37287
Eraserhead,7000000,7000000,NA,100000,NA,NA,NA,NA,NA,NA,NA,David Lynch,90,7.4,26595
Everything You Always Wanted to Know,18016290,18016290,NA,2000000,11-Aug-72,NA,NA,MGM,Based on Book/Short Story,Comedy,NA,Woody Allen,NA,NA,NA
ET: The Extra-Terrestrial,435110554,792910554,NA,10500000,11-Jun-82,PG,NA,Universal,Original Screenplay,Drama,Science Fiction,Steven Spielberg,NA,7.9,105028
Excessive Force,1152117,1152117,NA,13000000,14-May-93,NA,NA,NA,NA,NA,NA,NA,NA,4.7,537
Exorcist II: The Heretic,25011000,25011000,NA,14000000,17-Jun-77,NA,NA,NA,NA,Horror,NA,John Boorman,NA,3.5,7849
Exotica,5046118,5046118,NA,1500000,23-Sep-94,R,NA,Miramax,Original Screenplay,Drama,Contemporary Fiction,Atom Egoyan,96,7.1,8402
Force 10 from Navarone,7100000,7100000,NA,5000000,22-Dec-78,NA,NA,Sony/Columbia,NA,Action,NA,Guy Hamilton,64,6,5917
A Farewell To Arms,11000000,11000000,NA,5000000,NA,NA,NA,NA,NA,NA,NA,John Huston,NA,6.6,1655
Fatal Attraction,156645693,320100000,NA,14000000,18-Sep-87,NA,NA,Paramount Pictures,Original Screenplay,Thriller/Suspense,Contemporary Fiction,Adrian Lyne,81,6.8,22328
Family Plot,13200000,13200000,NA,3000000,9-Apr-76,NA,NA,Universal,NA,NA,NA,Alfred Hitchcock,95,6.8,7290
Fabled,31425,31425,NA,400000,10-Dec-04,R,NA,Indican Pictures,Original Screenplay,Horror,NA,Ari S. Kirschenbaum,NA,5.4,146
The French Connection,41158757,41158757,NA,2200000,9-Oct-71,NA,NA,NA,NA,NA,NA,William Friedkin,98,7.9,33674
From Dusk Till Dawn,25728961,25728961,NA,20000000,19-Jan-96,R,107,Miramax/Dimension,Original Screenplay,Horror,Fantasy,Robert Rodriguez,63,7.1,80234
Friday the 13th,39754601,59754601,NA,550000,9-May-80,NA,NA,Paramount Pictures,NA,Horror,NA,NA,60,5.6,26798
Friday the 13th Part 3,36690067,36690067,NA,2250000,13-Aug-82,NA,NA,Paramount Pictures,NA,Horror,Contemporary Fiction,Steve Miner,14,5.5,13395
Friday the 13th Part IV: The Final Chapter,32980880,32980880,NA,2600000,13-Apr-84,NA,NA,Paramount Pictures,NA,Horror,Fantasy,NA,NA,NA,NA
Friday the 13th Part V: A New Beginning,21930418,21930418,NA,2200000,22-Mar-85,NA,NA,Paramount Pictures,NA,Horror,Contemporary Fiction,NA,NA,NA,NA
Friday the 13th Part VI: Jason Lives,19472057,19472057,NA,3000000,1-Aug-86,NA,NA,Paramount Pictures,NA,Horror,Fantasy,NA,NA,NA,NA
Friday the 13th Part VII: The New Blood,19170001,19170001,NA,2800000,13-May-88,NA,NA,Paramount Pictures,NA,Horror,Fantasy,NA,NA,4.6,8916
Friday the 13th Part VIII: Jason Takes Manhattan,14343976,14343976,NA,5000000,28-Jul-89,NA,NA,Paramount Pictures,NA,Horror,Fantasy,NA,NA,3.9,10113
Jason Goes to Hell: The Final Friday,15935068,15935068,NA,3000000,13-Aug-93,NA,NA,New Line,NA,Horror,Fantasy,NA,NA,4.1,8733
Per qualche dollaro in pi˘,4300000,4300000,NA,600000,10-May-67,NA,NA,MGM,Original Screenplay,Western,Historical Fiction,Sergio Leone,NA,8.2,44204
Per un pugno di dollari,3500000,3500000,NA,200000,18-Jan-67,NA,NA,United Artists,Remake,Western,Historical Fiction,Sergio Leone,NA,8,39929
The Fall of the Roman Empire,4750000,4750000,NA,19000000,1-Jan-64,NA,NA,NA,NA,NA,NA,NA,100,6.6,3184
Friday the 13th Part 2,21722776,21722776,NA,1250000,30-Apr-81,NA,NA,NA,NA,Horror,NA,Steve Miner,33,5.5,13395
Faithful,2104439,2104439,NA,13000000,5-Apr-96,R,NA,New Line,Based on Play,Black Comedy,Contemporary Fiction,Paul Mazursky,7,5.7,989
Fair Game,11497497,11497497,NA,50000000,3-Nov-95,R,NA,Warner Bros.,Based on Book/Short Story,Action,Contemporary Fiction,NA,13,6.6,194
A Few Good Men,141340178,236500000,NA,33000000,11-Dec-92,NA,NA,Sony Pictures,Based on Play,Drama,Contemporary Fiction,Rob Reiner,83,7.6,63541
The Fugitive,183875760,368900000,NA,44000000,6-Aug-93,PG-13,NA,Warner Bros.,Based on TV,Thriller/Suspense,Contemporary Fiction,Andrew Davis,94,7.8,96914
From Here to Eternity,30500000,30500000,NA,1650000,5-Aug-53,NA,NA,NA,NA,NA,NA,Fred Zinnemann,86,7.9,15115
First Morning,87264,87264,NA,300000,15-Jul-05,PG-13,90,Illuminare,NA,Drama,NA,NA,NA,NA,NA
Shooting Fish,302204,302204,NA,4000000,1-May-98,PG,NA,Fox Searchlight,NA,NA,NA,NA,NA,6.4,4849
F.I.S.T,20388920,20388920,NA,11000000,13-Apr-78,NA,NA,United Artists,Based on Real Life Events,Drama,Dramatization,Norman Jewison,NA,6.2,2737
Flashdance,90463574,201463574,NA,7000000,15-Apr-83,NA,NA,Paramount Pictures,Original Screenplay,Drama,Contemporary Fiction,Adrian Lyne,29,5.6,12485
Fled,17192205,19892205,NA,30000000,19-Jul-96,R,98,MGM,Original Screenplay,Action,Contemporary Fiction,NA,14,4.9,4215
Flash Gordon,27107960,27107960,NA,35000000,5-Dec-80,NA,NA,Universal,Based on Comic/Graphic Novel,Action,Science Fiction,NA,81,6.2,14894
The Flintstones,130531208,358500000,NA,45000000,27-May-94,PG,NA,Universal,Based on TV,Comedy,Historical Fiction,Brian Levant,20,4.6,26521
Flight of the Intruder,14471440,14471440,NA,35000000,18-Jan-91,NA,NA,Paramount Pictures,Based on Book/Short Story,Action,Historical Fiction,John Milius,NA,5.3,2592
Flatliners,61308153,61308153,NA,26000000,10-Aug-90,R,NA,Sony Pictures,Original Screenplay,Thriller/Suspense,Science Fiction,Joel Schumacher,52,6.4,23295
The Flower of Evil,181798,181798,NA,6000000,10-Oct-03,R,NA,NA,NA,NA,NA,NA,64,NA,NA
Funny Ha Ha,77070,77070,NA,30000,29-Apr-05,Not Rated,NA,Goodbye Cruel Releasing,Original Screenplay,Comedy,NA,NA,NA,6.1,1138
The Funeral,1212799,1412799,NA,12500000,1-Nov-96,R,NA,October Films,Original Screenplay,Drama,Historical Fiction,Abel Ferrara,83,6.4,4084
Fantasia,83320000,83320000,NA,2280000,13-Nov-40,NA,NA,Walt Disney Pictures,Compilation,Musical,Multiple Creative Types,NA,98,7.8,29914
Fantasia 2000 (IMAX),60507228,60507228,NA,80000000,1-Jan-00,G,75,Walt Disney Pictures,Compilation,Musical,Kids Fiction,NA,NA,NA,NA
The Fog,21378361,21378361,NA,1000000,1-Feb-80,NA,NA,Avco Embassy,NA,Horror,NA,John Carpenter,69,3.3,15760
Forrest Gump,329694499,679400525,NA,55000000,6-Jul-94,PG-13,NA,Paramount Pictures,Based on Book/Short Story,Drama,Historical Fiction,Robert Zemeckis,70,8.6,300455
Fortress,6730578,46730578,NA,12000000,3-Sep-93,NA,NA,Miramax,Original Screenplay,Action,Science Fiction,NA,36,5.5,7026
Fiddler on the Roof,80500000,80500000,NA,9000000,1-Jan-71,NA,NA,United Artists,Based on Musical/Opera,Musical,Historical Fiction,Norman Jewison,88,7.7,14260
The Front Page,15000000,15000000,NA,4000000,17-Dec-74,NA,NA,Universal,Based on Play,Comedy,Contemporary Fiction,Billy Wilder,67,7.2,3875
First Blood,47212904,125212904,NA,14000000,22-Oct-82,R,NA,Orion Pictures,Based on Book/Short Story,Action,Contemporary Fiction,Ted Kotcheff,NA,7.4,56369
Friday,27467564,27936778,NA,3500000,26-Apr-95,R,NA,New Line,Original Screenplay,Comedy,Contemporary Fiction,F. Gary Gray,77,7,21623
Firefox,45785720,45785720,NA,21000000,18-Jun-82,NA,NA,Warner Bros.,Based on Book/Short Story,Action,Science Fiction,Clint Eastwood,42,5.6,9348
Fargo,24567751,51204567,NA,7000000,8-Mar-96,R,87,Gramercy,Based on Real Life Events,Thriller/Suspense,Contemporary Fiction,Joel Coen,94,8.3,165159
First Knight,37361412,127361412,NA,75000000,7-Jul-95,PG-13,NA,Sony Pictures,Traditional/Legend/Fairytale,Drama,Historical Fiction,Jerry Zucker,45,5.6,20928
From Russia With Love,24800000,78900000,NA,2000000,8-Apr-64,NA,NA,MGM,Based on Book/Short Story,Action,NA,NA,NA,7.5,32541
The Firm,158340892,270340892,NA,42000000,30-Jun-93,R,NA,Paramount Pictures,Based on Book/Short Story,Thriller/Suspense,Contemporary Fiction,Sydney Pollack,76,5.5,957
Frenzy,12600000,12600000,NA,3500000,21-Jun-72,NA,NA,Universal,NA,NA,NA,Alfred Hitchcock,87,7.5,13093
Footloose,80000000,80000000,NA,8200000,17-Feb-84,NA,NA,Paramount Pictures,Original Screenplay,Musical,Contemporary Fiction,Herbert Ross,56,6,15626
Fast Times at Ridgemont High,27092880,27092880,NA,4500000,13-Aug-82,NA,NA,Universal,Based on Book/Short Story,Comedy,Contemporary Fiction,Amy Heckerling,80,7.2,31362
Fighting Tommy Riley,10514,10514,NA,300000,6-May-05,R,NA,Freestyle Releasing,Original Screenplay,Drama,NA,NA,NA,6.6,499
The First Wives Club,105489203,181489203,NA,30000000,20-Sep-96,PG,90,Paramount Pictures,Based on Book/Short Story,Comedy,Contemporary Fiction,Hugh Wilson,41,5.6,14682
Flirting with Disaster,14853474,14853474,NA,7000000,22-Mar-96,R,NA,Miramax,Original Screenplay,Comedy,Contemporary Fiction,David O. Russell,86,6.7,8474
For Your Eyes Only,54800000,195300000,NA,28000000,26-Jun-81,NA,NA,MGM,Based on Book/Short Story,Action,Contemporary Fiction,John Glen,71,6.8,23527
Fiza,623791,1179462,NA,1000000,8-Sep-00,Not Rated,NA,Video Sound,Original Screenplay,Drama,Contemporary Fiction,NA,NA,6.5,749
Grip: A Criminal's Story,1336,1336,NA,12000,28-Apr-06,Not Rated,NA,JeTi Films,Original Screenplay,Action,Contemporary Fiction,NA,NA,NA,NA
The Ghost and the Darkness,38564422,38564422,NA,55000000,11-Oct-96,R,109,Paramount Pictures,Based on Real Life Events,Action,Dramatization,Stephen Hopkins,51,6.6,19735
Gallipoli,5732587,5732587,NA,3000000,28-Aug-81,NA,NA,NA,NA,NA,NA,Peter Weir,86,7.7,14139
Gabriela,2335352,2335352,NA,50000,16-Mar-01,R,NA,Power Point Films,Original Screenplay,Drama,Contemporary Fiction,NA,NA,5.5,1399
"Il buono, il brutto, il cattivo",6100000,6100000,NA,1200000,29-Dec-67,NA,NA,United Artists,Original Screenplay,Western,Historical Fiction,Sergio Leone,NA,6.8,104
Graduation Day,23894000,23894000,NA,250000,1-May-81,NA,NA,NA,NA,Thriller/Suspense,NA,NA,NA,3,836
The Godfather: Part II,57300000,57300000,NA,13000000,11-Dec-74,NA,NA,Paramount Pictures,NA,NA,Historical Fiction,Francis Ford Coppola,NA,9,245271
The Godfather: Part III,66520529,66520529,NA,54000000,25-Dec-90,NA,NA,Paramount Pictures,NA,Drama,Historical Fiction,Francis Ford Coppola,NA,7.6,82977
Goodfellas,46743809,46743809,NA,25000000,19-Sep-90,NA,NA,Warner Bros.,Based on Book/Short Story,Drama,Dramatization,Martin Scorsese,97,8.8,229156
The Godfather,134966411,268500000,NA,7000000,15-Mar-72,NA,NA,Paramount Pictures,NA,NA,Historical Fiction,Francis Ford Coppola,100,9.2,411088
God's Army,2637726,2652515,NA,300000,10-Mar-00,PG,NA,Excel Entertainment,Original Screenplay,Drama,Contemporary Fiction,NA,50,6.8,638
The Great Escape,11744471,11744471,NA,4000000,8-Aug-63,NA,NA,MGM,NA,NA,NA,John Sturges,91,8.4,62074
Gory Gory Hallelujah,12604,12604,NA,425000,21-Jan-05,Not Rated,100,Indican Pictures,Original Screenplay,Musical,NA,Sue Corcoran,NA,5.2,134
Ghost,217631306,517600000,NA,22000000,13-Jul-90,NA,NA,Paramount Pictures,Original Screenplay,Drama,Fantasy,Jerry Zucker,81,6.9,51125
Ghostbusters,238632124,291632124,NA,30000000,8-Jun-84,PG,NA,Sony Pictures,Original Screenplay,Comedy,Science Fiction,Ivan Reitman,NA,6.8,358
Girl 6,4880941,4880941,NA,12000000,22-Mar-96,R,NA,Fox Searchlight,Original Screenplay,Comedy,Contemporary Fiction,Spike Lee,34,4.9,3348
Goldeneye,106429941,356429941,NA,60000000,17-Nov-95,PG-13,NA,MGM,Based on Book/Short Story,Action,Contemporary Fiction,Martin Campbell,80,7.2,69199
The Glimmer Man,20404841,36404841,NA,45000000,4-Oct-96,R,92,Warner Bros.,Original Screenplay,Action,Contemporary Fiction,NA,13,4.9,7230
Glory,26593580,26593580,NA,18000000,14-Dec-89,NA,NA,Sony Pictures,Based on Book/Short Story,Action,Dramatization,Edward Zwick,93,8,56427
The Gambler,51773,101773,NA,3000000,4-Aug-99,R,NA,NA,NA,Drama,NA,NA,NA,6.1,199
Good Morning Vietnam,123922370,123922370,NA,13000000,23-Dec-87,NA,NA,Walt Disney Pictures,Original Screenplay,Comedy,Historical Fiction,Barry Levinson,NA,7.2,32609
Gandhi,52767889,52767889,NA,22000000,8-Dec-82,NA,NA,Sony Pictures,Based on Real Life Events,Drama,Dramatization,Sir Richard Attenborough,85,8.2,50881
A Guy Named Joe,5363000,5363000,NA,2627000,24-Dec-43,NA,NA,MGM,Original Screenplay,Drama,NA,NA,NA,6.9,869
Gentleman's Agreement,7800000,7800000,NA,2000000,NA,NA,NA,NA,NA,NA,NA,Elia Kazan,83,7.4,4637
Get on the Bus,5691854,5691854,NA,2400000,16-Oct-96,R,NA,Sony Pictures,Based on Real Life Events,Drama,Historical Fiction,Spike Lee,87,6.7,2701
The Golden Child,79817937,79817937,NA,12000000,12-Dec-86,NA,NA,Paramount Pictures,Original Screenplay,Action,Fantasy,Michael Ritchie,26,5.4,14471
Good Dick,28835,28835,NA,200000,10-Oct-08,R,NA,Present Pictures/Morning Knight,Original Screenplay,Drama,Contemporary Fiction,NA,NA,6.4,3004
Goldfinger,51100000,124900000,NA,3000000,22-Dec-64,NA,NA,MGM,Based on Book/Short Story,Action,NA,Guy Hamilton,96,7.9,47095
Groundhog Day,70906973,70906973,NA,14600000,12-Feb-93,PG,NA,Sony/Columbia,Original Screenplay,Comedy,Fantasy,Harold Ramis,96,8.2,134964
Gremlins,148168459,148168459,NA,11000000,8-Jun-84,NA,NA,Warner Bros.,Original Screenplay,Comedy,Fantasy,Joe Dante,78,7,42163
Get Real,1152411,1152411,NA,2000000,30-Apr-99,R,NA,Paramount Pictures,Based on Play,Comedy,Contemporary Fiction,NA,NA,7.5,6026
Gremlins 2: The New Batch,41476097,41476097,NA,50000000,15-Jun-90,NA,NA,Warner Bros.,Original Screenplay,Comedy,Fantasy,Joe Dante,NA,6.1,22712
The Greatest Story Ever Told,15473333,15473333,NA,20000000,15-Feb-65,G,NA,MGM,Based on Book/Short Story,Drama,NA,David Lean,39,6.3,3300
The Gospel of John,4068087,4068087,NA,11000000,26-Sep-03,PG-13,NA,ThinkFilm,Original Screenplay,Drama,Dramatization,NA,NA,NA,NA
The Greatest Show on Earth,36000000,36000000,NA,4000000,10-Jan-52,NA,NA,NA,NA,NA,NA,NA,41,6.8,4264
The First Great Train Robbery,391942,391942,NA,6000000,2-Feb-79,NA,NA,United Artists,Based on Book/Short Story,Action,NA,Michael Crichton,NA,6.9,5141
Get Shorty,72021008,115021008,NA,30250000,20-Oct-95,R,NA,MGM,Based on Book/Short Story,Comedy,Contemporary Fiction,Barry Sonnenfeld,86,6.9,33364
Gettysburg,10731997,10731997,NA,25000000,8-Oct-93,NA,NA,New Line,NA,Drama,NA,NA,87,7.6,11215
Guiana 1838,227241,227241,NA,1000000,24-Sep-04,Not Rated,NA,RBC Radio,Based on Real Life Events,Drama,Dramatization,NA,NA,NA,NA
Gone with the Wind,198680470,390525192,NA,3900000,15-Dec-39,G,222,MGM,Based on Book/Short Story,Drama,Historical Fiction,George Cukor,97,8.2,78947
Happiness,2746453,5746453,NA,3000000,16-Oct-98,Not Rated,NA,Good Machine Releasing,Original Screenplay,Comedy,Contemporary Fiction,Todd Solondz,84,6.5,64
Harley Davidson and the Marlboro Man,7018525,7018525,NA,23000000,23-Aug-91,NA,NA,MGM,Original Screenplay,Action,Science Fiction,Simon Wincer,27,5.3,6995
Heavy Metal,19571091,19571091,NA,9300000,7-Aug-81,NA,NA,Sony/Columbia,Based on Comic/Graphic Novel,Adventure,Science Fiction,NA,60,6,45
Heartbeeps,6000000,6000000,NA,10000000,18-Dec-81,NA,NA,Universal,Original Screenplay,Comedy,Science Fiction,NA,NA,4.1,620
The Helix...  Loaded,3700,3700,NA,1000000,18-Mar-05,R,NA,Romar,Original Screenplay,Comedy,NA,NA,NA,1.5,486
Hang 'em High,6800000,6800000,NA,1800000,3-Aug-68,NA,NA,United Artists,Original Screenplay,Western,Historical Fiction,NA,93,6.9,10292
Hellraiser,14564000,14564000,NA,1000000,18-Sep-87,NA,NA,New World,Based on Book/Short Story,Horror,Fantasy,NA,63,7,22442
Hero,19487173,66787173,NA,42000000,2-Oct-92,NA,NA,Sony Pictures,Original Screenplay,Comedy,Contemporary Fiction,Stephen Frears,NA,6.4,323
Highlander III: The Sorcerer,13738574,13738574,NA,26000000,27-Jan-95,PG-13,NA,Miramax,Original Screenplay,Action,Fantasy,NA,NA,3.8,7763
Highlander,5900000,12900000,NA,16000000,7-Mar-86,R,NA,20th Century Fox,Original Screenplay,Action,Fantasy,Russell Mulcahy,66,7.2,40802
High Noon,8000000,8000000,NA,730000,NA,NA,NA,NA,NA,NA,NA,Fred Zinnemann,95,8.3,34163
History of the World: Part I,31672000,31672000,NA,11000000,12-Jun-81,NA,NA,20th Century Fox,Original Screenplay,Comedy,Historical Fiction,Mel Brooks,NA,6.5,16691
"Hello, Dolly",33208099,33208099,NA,24000000,16-Dec-69,NA,NA,NA,NA,NA,NA,NA,NA,4.4,254
Halloween II,25533818,25533818,NA,2500000,30-Oct-81,NA,NA,Universal,NA,Horror,Contemporary Fiction,Rick Rosenthal,27,4.9,12197
Halloween 3: Season of the Witch,14400000,14400000,NA,2500000,22-Oct-82,NA,NA,Universal,NA,Horror,Contemporary Fiction,NA,NA,3.8,12644
Halloween 4: The Return of Michael Myers,17768757,17768757,NA,5000000,1-Oct-88,NA,NA,Universal,NA,Horror,Fantasy,Dwight H. Little,23,5.6,11079
Halloween 5: The Revenge of Michael Myers,11642254,11642254,NA,6000000,13-Oct-89,NA,NA,Galaxy International Releasing,NA,Horror,Fantasy,NA,14,NA,NA
Halloween:  The Curse of Michael Myers,15126948,15126948,NA,5000000,29-Sep-95,R,NA,Miramax,NA,Horror,Contemporary Fiction,NA,NA,4.4,8576
Halloween,47000000,70000000,NA,325000,17-Oct-78,NA,NA,NA,NA,Horror,NA,John Carpenter,93,6,39866
Home Alone 2: Lost in New York,173585516,358994850,NA,20000000,20-Nov-92,PG,NA,20th Century Fox,Original Screenplay,Comedy,Contemporary Fiction,Chris Columbus,21,5.8,51408
Home Alone,285761243,476684675,NA,15000000,16-Nov-90,PG,NA,20th Century Fox,Original Screenplay,Comedy,Contemporary Fiction,Chris Columbus,47,7,79080
Home Movies,89134,89134,NA,400000,16-May-80,NA,NA,NA,NA,NA,NA,NA,NA,5.3,291
Hum to Mohabbt Karega,121807,121807,NA,2000000,26-May-00,Not Rated,NA,NA,NA,Drama,NA,NA,NA,3.6,74
The Hotel New Hampshire,5142858,5142858,NA,7500000,9-Mar-84,NA,NA,Orion Pictures,Based on Book/Short Story,Drama,Contemporary Fiction,NA,69,5.8,4387
Henry V,10161099,10161099,NA,9000000,8-Nov-89,PG-13,NA,Goldwyn Entertainment,Based on Play,Action,Historical Fiction,Kenneth Branagh,100,7.9,14499
Housefull,1183658,14883658,NA,10100000,30-Apr-10,NA,NA,Eros Entertainment,NA,NA,NA,NA,NA,4.6,687
Hook,119654823,300854823,NA,70000000,11-Dec-91,NA,NA,Sony Pictures,Based on Book/Short Story,Adventure,Kids Fiction,Steven Spielberg,24,6.2,60159
House Party 2,19438638,19438638,NA,5000000,23-Oct-91,NA,NA,New Line,Original Screenplay,Comedy,Contemporary Fiction,NA,25,4.3,1596
Hocus Pocus,39360491,39360491,NA,28000000,16-Jul-93,NA,NA,Walt Disney Pictures,Original Screenplay,Comedy,Fantasy,NA,29,6,15893
The Howling,17985000,17985000,NA,1000000,10-Apr-81,NA,NA,NA,NA,NA,NA,Joe Dante,60,6.5,8731
High Plains Drifter,15700000,15700000,NA,15700000,1-Jan-72,NA,NA,Universal,Original Screenplay,Western,Historical Fiction,Clint Eastwood,NA,7.6,15718
Hoop Dreams,7768371,11768371,NA,700000,14-Oct-94,PG-13,NA,Fine Line,Based on Real Life Events,Documentary,Factual,NA,98,8,9492
Happy Gilmore,38623460,38623460,NA,10000000,16-Feb-96,PG-13,92,Universal,Original Screenplay,Comedy,Contemporary Fiction,Dennis Dugan,58,6.9,54111
The Hudsucker Proxy,2816518,14938149,NA,40000000,11-Mar-94,PG,NA,Warner Bros.,Original Screenplay,Comedy,NA,Joel Coen,58,7.4,32344
A Hard Day's Night,12299668,12299668,NA,560000,11-Aug-64,NA,NA,Universal,Original Screenplay,Comedy,Contemporary Fiction,NA,100,7.6,15291
Heroes,655538,655538,NA,400000,24-Oct-08,R,NA,Eros Entertainment,Original Screenplay,Adventure,Contemporary Fiction,NA,NA,6.1,505
The Hunt for Red October,120709866,200500000,NA,30000000,2-Mar-90,NA,NA,Paramount Pictures,Based on Book/Short Story,Thriller/Suspense,Historical Fiction,John McTiernan,95,7.6,55202
Harper,12000000,12000000,NA,3500000,23-Feb-66,NA,NA,NA,NA,NA,NA,NA,NA,7,2395
Harriet the Spy,26570048,26570048,NA,13000000,10-Jul-96,PG,101,Paramount Pictures,Based on Book/Short Story,Adventure,Kids Fiction,NA,45,5.8,2963
Le hussard sur le toit,1320043,1320043,NA,35000000,19-Apr-96,R,NA,Miramax,Based on Book/Short Story,Drama,Historical Fiction,NA,NA,6.9,3083
The Hustler,7600000,7600000,NA,2000000,25-Sep-61,NA,NA,NA,NA,NA,NA,NA,97,8.1,25385
Hud,10000000,10000000,NA,2500000,29-May-63,NA,NA,NA,NA,NA,NA,Martin Ritt,79,3.4,93
Hudson Hawk,17218916,17218916,NA,65000000,24-May-91,NA,NA,Sony Pictures,Original Screenplay,Action,Contemporary Fiction,Michael Lehmann,20,5.3,21920
Heaven's Gate,3484331,3484331,NA,44000000,19-Nov-80,NA,NA,NA,NA,NA,NA,Michael Cimino,NA,6.5,4649
Hav Plenty,2301777,2301777,NA,650000,19-Jun-98,R,NA,Miramax,Original Screenplay,Comedy,Contemporary Fiction,NA,NA,5.6,580
House of Wax,23800000,23800000,NA,658000,10-Apr-53,R,NA,NA,NA,NA,NA,NA,94,5.4,32159
Hawaii,34562222,34562222,NA,15000000,10-Oct-66,NA,NA,MGM,NA,NA,NA,George Roy Hill,NA,6.4,1153
Howard the Duck,16295774,16295774,NA,30000000,1-Aug-86,NA,NA,Universal,Based on Comic/Graphic Novel,Action,Science Fiction,NA,16,4.1,16051
High Anxiety,31063038,31063038,NA,3400000,23-Dec-77,NA,NA,NA,NA,NA,NA,Mel Brooks,73,6.5,7025
Hybrid,162605,162605,NA,200000,10-May-02,Not Rated,NA,Indican Pictures,Based on Real Life Events,Documentary,Factual,NA,NA,2.2,380
It's a Wonderful Life,6600000,6600000,19339789,3180000,NA,NA,NA,NA,NA,NA,NA,Frank Capra,94,8.7,101499
The Ice Pirates,13075390,13075390,NA,9000000,16-Mar-84,NA,NA,MGM/UA Classics,Original Screenplay,Comedy,Science Fiction,NA,11,5.1,3600
Independence Day,306169255,817400878,NA,75000000,2-Jul-96,PG-13,145,20th Century Fox,Original Screenplay,Adventure,Science Fiction,Roland Emmerich,61,6.5,149493
The Island of Dr. Moreau,27682712,27682712,NA,40000000,23-Aug-96,PG-13,95,New Line,Based on Book/Short Story,Adventure,Science Fiction,John Frankenheimer,23,4.1,13770
In Her Line of Fire,884,884,NA,1000000,21-Apr-06,R,NA,Regent Releasing,Original Screenplay,Action,Contemporary Fiction,NA,NA,3.5,337
The Indian in the Cupboard,35627222,35627222,NA,45000000,14-Jul-95,PG,NA,Paramount Pictures,Based on Book/Short Story,Adventure,Kids Fiction,Frank Oz,68,5.7,4836
I Love You Ö Don't Touch Me!,33598,33598,NA,68000,20-Feb-98,NA,NA,MGM,NA,NA,NA,NA,NA,5.6,298
Illuminata,836641,836641,NA,10000000,6-Aug-99,R,NA,Artisan,Based on Play,Drama,Historical Fiction,NA,NA,6.1,1100
In Cold Blood,13000000,13000000,NA,3500000,NA,NA,NA,NA,NA,NA,NA,Richard Brooks,88,8.1,10562
In the Company of Men,2883661,2883661,NA,25000,1-Aug-97,R,NA,Sony Pictures Classics,Based on Play,Drama,Contemporary Fiction,Neil LaBute,89,7.2,7601
The Inkwell,8864699,8864699,NA,8000000,22-Apr-94,R,NA,Walt Disney Pictures,Original Screenplay,Comedy,Historical Fiction,NA,29,5.7,542
Invaders from Mars,4884663,4984663,NA,12000000,6-Jun-86,NA,NA,Cannon,Remake,Horror,Science Fiction,Tobe Hooper,27,5,1933
L'incomparable mademoiselle C.,493905,493905,NA,3400000,23-Apr-04,Not Rated,NA,NA,NA,NA,NA,NA,NA,6.1,66
The Island,15716828,15716828,NA,22000000,13-Jun-80,PG-13,138,Universal,Based on Book/Short Story,Adventure,Contemporary Fiction,Michael Ritchie,NA,6.9,82601
Eye See You,79161,1807990,NA,55000000,20-Sep-02,Not Rated,NA,NA,NA,NA,NA,NA,NA,5.1,397
In the Heat of the Night,24379978,24379978,NA,2000000,2-Aug-67,NA,NA,MGM,NA,NA,NA,Norman Jewison,96,8.1,22429
Jack,58617334,58617334,NA,45000000,9-Aug-96,PG-13,113,Walt Disney Pictures,Original Screenplay,Drama,Contemporary Fiction,Francis Ford Coppola,17,5.3,17267
Jade,9812870,9812870,NA,50000000,13-Oct-95,R,NA,Paramount Pictures,Original Screenplay,Thriller/Suspense,Contemporary Fiction,William Friedkin,16,4.8,5279
Jingle All the Way,60592389,129832389,NA,60000000,22-Nov-96,PG,89,20th Century Fox,Original Screenplay,Comedy,Kids Fiction,Brian Levant,16,4.9,22928
Dr. No,16067035,59567035,NA,1000000,8-May-63,NA,NA,MGM,Based on Book/Short Story,Action,NA,NA,NA,7.3,36019
The Jungle Book,44342956,44342956,NA,27000000,25-Dec-94,PG,NA,Walt Disney Pictures,Based on Book/Short Story,Adventure,Historical Fiction,Stephen Sommers,NA,5.8,5564
Judge Dredd,34687912,113487912,NA,85000000,30-Jun-95,R,NA,Walt Disney Pictures,Based on Comic/Graphic Novel,Action,Science Fiction,NA,15,4.9,30736
The Jerky Boys,7555256,7555256,NA,4000000,3-Feb-95,R,NA,Walt Disney Pictures,Original Screenplay,Comedy,Contemporary Fiction,NA,10,3.9,1481
Jefferson in Paris,2461628,2461628,NA,14000000,31-Mar-95,PG-13,NA,Walt Disney Pictures,Based on Real Life Events,Drama,Dramatization,James Ivory,36,5.6,1464
JFK,70405498,205400000,NA,40000000,20-Dec-91,R,NA,Warner Bros.,Based on Book/Short Story,Drama,Dramatization,Oliver Stone,83,8,59684
Journey from the Fall,635305,635305,NA,1300000,23-Mar-07,R,NA,Imaginasian,Original Screenplay,Drama,Historical Fiction,NA,92,7.2,586
Jekyll and Hyde... Together Again,3707583,3707583,NA,5000000,27-Aug-82,NA,NA,Universal,Based on Book/Short Story,Comedy,Science Fiction,NA,NA,5.5,486
Jumanji,100458310,262758310,NA,65000000,15-Dec-95,PG,NA,Sony Pictures,Based on Book/Short Story,Adventure,Fantasy,Joe Johnston,48,6.4,54973
The Juror,22730924,22730924,NA,44000000,2-Feb-96,R,120,Sony Pictures,Based on Book/Short Story,Thriller/Suspense,Contemporary Fiction,NA,16,5.3,6482
Jerusalema,7294,7294,NA,2000000,11-Jun-10,R,NA,Anchor Bay Entertainment,Original Screenplay,NA,Historical Fiction,NA,NA,7.9,6777
Jurassic Park,357067947,923067947,NA,63000000,10-Jun-93,PG-13,NA,Universal,Based on Book/Short Story,Action,Science Fiction,Steven Spielberg,87,7.9,151365
Johnny Suede,55000,55000,NA,500000,NA,NA,NA,Miramax,Original Screenplay,Drama,NA,NA,NA,5.8,1587
Jaws,260000000,470700000,NA,12000000,20-Jun-75,PG,NA,Universal,Based on Book/Short Story,Horror,Contemporary Fiction,Steven Spielberg,100,8.3,138017
Jaws 2,102922376,208900376,NA,20000000,16-Jun-78,PG,NA,Universal,Based on Book/Short Story,Horror,Contemporary Fiction,NA,56,5.6,18793
Jaws 4: The Revenge,15728335,15728335,NA,23000000,17-Jul-87,PG-13,NA,Universal,Based on Book/Short Story,Horror,Contemporary Fiction,NA,NA,2.6,15632
Kabhi Alvida Naa Kehna,3275443,32575443,NA,10750000,11-Aug-06,Not Rated,NA,Yash Raj Films,Original Screenplay,Drama,Contemporary Fiction,NA,67,5.6,4128
Kickboxer,14533681,14533681,NA,1500000,8-Sep-89,NA,NA,Cannon,Original Screenplay,Action,Contemporary Fiction,Mark DiSalle,NA,5.5,11692
Kids,7412216,20412216,NA,1500000,21-Jul-95,Not Rated,90,Shining Excalibur,Original Screenplay,Drama,Contemporary Fiction,NA,50,6.7,26122
Kingpin,25023424,32223424,NA,25000000,26-Jul-96,R,113,MGM,Original Screenplay,Comedy,Contemporary Fiction,Bobby Farrelly,51,6.7,28404
Kindergarten Cop,91457688,202000000,NA,26000000,21-Dec-90,NA,NA,Universal,Original Screenplay,Comedy,Contemporary Fiction,Ivan Reitman,50,5.8,40433
King Kong (1933),10000000,10000000,NA,670000,7-Apr-33,NA,100,NA,NA,NA,NA,NA,NA,NA,NA
King Kong,52614445,90614445,NA,23000000,17-Dec-76,NA,NA,NA,NA,NA,NA,John Guillermin,46,7.6,132720
Kiss of Death,14942422,14942422,NA,40000000,21-Apr-95,R,NA,20th Century Fox,Remake,Drama,Contemporary Fiction,Barbet Schroeder,67,7.6,2374
Kingdom of the Spiders,17000000,17000000,NA,500000,NA,NA,NA,NA,NA,NA,NA,NA,44,5.7,1463
Keeping it Real: The Adventures of Greg Walloch,1358,1358,NA,100000,9-Nov-01,Not Rated,NA,Avatar,NA,NA,NA,NA,NA,NA,NA
Akira,19585,19585,NA,8000000,27-Apr-01,R,NA,NA,Based on Comic/Graphic Novel,Action,NA,NA,NA,7.9,39948
Krush Groove,11052713,11052713,NA,3000000,25-Oct-85,NA,NA,Warner Bros.,Original Screenplay,Drama,Contemporary Fiction,NA,NA,5.8,588
Krrish,1430721,32430721,NA,10000000,23-Jun-06,Not Rated,NA,AdLab Films,Original Screenplay,Action,Science Fiction,NA,100,6.1,2735
Kansas City,1353824,1353824,NA,19000000,16-Aug-96,R,NA,New Line,Original Screenplay,Drama,Historical Fiction,Robert Altman,58,6,2397
The Last Emperor,43984000,43984000,NA,25000000,20-Nov-87,NA,NA,Sony/Columbia,Based on Book/Short Story,Drama,Dramatization,Bernardo Bertolucci,91,7.9,24262
Last Action Hero,50016394,137298489,NA,85000000,18-Jun-93,NA,NA,Sony Pictures,Original Screenplay,Action,Fantasy,John McTiernan,38,5.9,43171
Live and Let Die,35400000,161800000,NA,7000000,27-Jun-73,NA,NA,MGM,Based on Book/Short Story,Action,NA,Guy Hamilton,64,6.8,24044
Lage Raho Munnabhai,2217561,31517561,NA,2700000,1-Sep-06,Not Rated,NA,Eros Entertainment,Original Screenplay,Comedy,Contemporary Fiction,NA,NA,7.8,5236
The Last Waltz,321952,321952,NA,35000,5-Apr-02,Not Rated,NA,MGM,NA,NA,NA,NA,NA,8,6893
The Last Big Thing,22434,22434,NA,1000000,25-Sep-98,R,NA,Stratosphere Entertainment,NA,NA,NA,NA,NA,6,139
The Land Before Time,48092846,81972846,NA,12300000,18-Nov-88,NA,NA,Universal,Original Screenplay,Adventure,Historical Fiction,Don Bluth,71,6.9,14017
The Longest Day,39100000,50100000,NA,10000000,4-Oct-62,NA,NA,20th Century Fox,Based on Real Life Events,Action,Dramatization,NA,92,7.8,17712
The Living Daylights,51185000,191200000,NA,40000000,31-Jul-87,NA,NA,MGM,Based on Book/Short Story,Action,Contemporary Fiction,John Glen,73,6.7,23735
Aladdin,217350219,504050219,NA,28000000,11-Nov-92,G,NA,Walt Disney Pictures,Original Screenplay,Comedy,Fantasy,NA,NA,7.8,69090
A Low Down Dirty Shame,29317886,29317886,NA,10000000,23-Nov-94,R,NA,Walt Disney Pictures,Original Screenplay,Action,Contemporary Fiction,Keenen Ivory Wayans,NA,5.4,1847
Love and Death on Long Island,2542264,2542264,NA,4030000,6-Mar-98,PG-13,NA,Lionsgate,Based on Book/Short Story,Drama,Contemporary Fiction,NA,NA,6.9,2506
Ladyhawke,18400000,18400000,NA,20000000,12-Apr-85,NA,NA,Warner Bros.,Original Screenplay,Action,Fantasy,Richard Donner,63,6.7,15260
Nikita,5017971,5017971,NA,7000000,8-Mar-91,NA,NA,Goldwyn Entertainment,Original Screenplay,Thriller/Suspense,Contemporary Fiction,Luc Besson,NA,7.5,24872
Lion of the Desert,1500000,1500000,NA,35000000,NA,NA,NA,United Film Distribution Co.,NA,NA,NA,NA,NA,7.8,2659
Legal Eagles,49851591,49851591,NA,40000000,18-Jun-86,NA,NA,Universal,Original Screenplay,Comedy,Contemporary Fiction,Ivan Reitman,50,5.6,4471
Legend,15502112,15502112,NA,25000000,18-Apr-86,NA,NA,Universal,Original Screenplay,Adventure,Fantasy,Ridley Scott,NA,6.1,20734
The Last House on the Left,3100000,3100000,NA,87000,30-Aug-72,R,NA,NA,NA,NA,NA,NA,63,6.7,22141
Lifeforce,11603545,11603545,NA,25000000,21-Jun-85,NA,NA,Sony/TriStar,Based on Book/Short Story,Horror,Science Fiction,Tobe Hooper,57,5.8,5727
Lady in White,1705139,1705139,NA,4700000,22-Apr-88,NA,NA,New Century Vista Film Company,Original Screenplay,Horror,Fantasy,NA,73,6.6,2221
The Long Kiss Goodnight,33447612,33447612,NA,65000000,11-Oct-96,R,120,New Line,Original Screenplay,Action,Contemporary Fiction,Renny Harlin,69,6.6,28257
Lake of Fire,25317,25317,NA,6000000,3-Oct-07,Not Rated,NA,ThinkFilm,Based on Real Life Events,Documentary,Factual,NA,NA,8.4,1027
Elling,313436,313436,NA,2100000,29-May-02,R,NA,NA,NA,NA,NA,NA,NA,7.5,7114
Lolita (1962),9250000,9250000,NA,2000000,1-Jan-62,NA,NA,NA,NA,Drama,NA,Stanley Kubrick,NA,NA,NA
Elmer Gantry,10400000,10400000,NA,3000000,NA,NA,NA,NA,NA,NA,NA,Richard Brooks,96,7.8,4185
El Mariachi,2040920,2040920,NA,7000,26-Feb-93,NA,NA,Sony/Columbia,Original Screenplay,Action,NA,Robert Rodriguez,NA,7,19668
Last Man Standing,18115927,18115927,NA,67000000,20-Sep-96,R,100,New Line,Original Screenplay,Action,Historical Fiction,Walter Hill,NA,NA,NA
Aliens,85160248,183316455,NA,17000000,18-Jul-86,R,137,20th Century Fox,Original Screenplay,Action,Science Fiction,James Cameron,100,7.5,84
Alien³,54927174,158500000,NA,55000000,22-May-92,R,NA,20th Century Fox,Original Screenplay,Action,Science Fiction,David Fincher,37,6.3,78860
The Lion King,328539505,783839505,NA,79300000,15-Jun-94,G,NA,Walt Disney Pictures,Original Screenplay,Adventure,Kids Fiction,Rob Minkoff,92,8.2,136503
Love and Death,20123742,20123742,NA,3000000,10-Jun-75,NA,NA,MGM,Original Screenplay,Comedy,NA,Woody Allen,100,7.6,12111
Love and Other Catastrophes,212285,743216,NA,250000,28-Mar-97,R,NA,Fox Searchlight,NA,Comedy,NA,NA,NA,5.7,1406
Love Letters,5269990,5269990,NA,550000,27-Apr-84,PG-13,NA,New World,Original Screenplay,Thriller/Suspense,Contemporary Fiction,NA,NA,7.3,477
The Legend of the Lone Ranger,13400000,13400000,NA,18000000,22-May-81,NA,NA,Universal,Remake,Western,Historical Fiction,NA,NA,4.6,755
The Last of the Mohicans,72455275,72455275,NA,40000000,25-Sep-92,NA,NA,20th Century Fox,Based on Book/Short Story,Action,Historical Fiction,Michael Mann,97,7.8,45410
Love Me Tender,9000000,9000000,NA,1000000,NA,NA,NA,NA,NA,NA,NA,NA,38,5.9,1301
The Long Riders,15198912,15198912,NA,10000000,16-May-80,NA,NA,United Artists,Original Screenplay,Action,Historical Fiction,Walter Hill,79,7.1,3791
Losin' It,1246141,1246141,NA,7000000,8-Apr-83,NA,NA,NA,NA,NA,NA,NA,NA,4.6,1668
The Loss of Sexual Innocence,399793,399793,NA,4000000,28-May-99,NA,NA,Sony Pictures,NA,NA,NA,Mike Figgis,45,4.9,2263
Legends of the Fall,66502573,66502573,NA,30000000,23-Dec-94,R,NA,Sony Pictures,Based on Book/Short Story,Drama,Historical Fiction,Edward Zwick,63,7.1,39815
A League of Their Own,107533925,132440066,NA,40000000,1-Jul-92,NA,NA,Sony Pictures,Original Screenplay,Comedy,Historical Fiction,Penny Marshall,81,6.9,33426
Loaded Weapon 1,27979399,27979399,NA,13000000,5-Feb-93,PG-13,NA,New Line,Original Screenplay,Comedy,Contemporary Fiction,NA,NA,5.7,17637
The Lost Weekend,11000000,11000000,NA,1250000,NA,NA,NA,NA,NA,NA,NA,Billy Wilder,100,8.2,11864
Le petit Nicolas,201857,52339566,NA,30000000,19-Feb-10,NA,NA,NA,NA,NA,NA,NA,NA,6.9,1505
Logan's Run,25000000,25000000,NA,7000000,NA,NA,NA,NA,NA,NA,Science Fiction,NA,70,6.7,14947
Betty Fisher et autres histoires,206400,206400,NA,7500000,13-Sep-02,Not Rated,NA,WellSpring,Based on Book/Short Story,Drama,NA,NA,NA,6.9,1054
Light Sleeper,1050861,1050861,NA,5000000,21-Sep-92,NA,NA,NA,NA,NA,NA,NA,94,6.7,1986
Little Shop of Horrors,38747385,38747385,NA,30000000,19-Dec-86,NA,NA,Warner Bros.,Remake,Musical,Fantasy,Frank Oz,91,6.6,21521
Lone Star,12961389,12961389,NA,5000000,21-Jun-96,R,NA,Sony Pictures Classics,Original Screenplay,Drama,Contemporary Fiction,John Sayles,92,7.6,14599
Latter Days,833118,833118,NA,850000,30-Jan-04,R,NA,TLA Releasing,NA,Drama,Contemporary Fiction,NA,NA,7.4,7157
Lethal Weapon,65192350,120192350,NA,15000000,6-Mar-87,NA,NA,Warner Bros.,Original Screenplay,Action,Contemporary Fiction,Richard Donner,90,7.6,54994
Lethal Weapon 3,144731527,319700000,NA,35000000,15-May-92,R,NA,Warner Bros.,Original Screenplay,Action,Contemporary Fiction,Richard Donner,56,6.5,39735
The Last Time I Committed Suicide,12836,12836,NA,4000000,20-Jun-97,R,NA,Roxie Releasing,NA,NA,NA,NA,NA,5.7,1181
Little Voice,4595000,4595000,NA,6000000,4-Dec-98,R,NA,Miramax,Based on Play,Musical,Contemporary Fiction,NA,83,6.9,8453
The Last Temptation of Christ,8373585,8373585,NA,7000000,12-Aug-88,NA,NA,Universal,Based on Book/Short Story,Drama,Historical Fiction,Martin Scorsese,83,7.5,20934
License to Kill,34667015,156167015,NA,42000000,14-Jul-89,NA,NA,MGM,Based on Book/Short Story,Action,Contemporary Fiction,John Glen,NA,6.5,24558
Cama adentro,200433,200433,NA,800000,18-Jul-07,Not Rated,NA,Film Sales Company,Original Screenplay,Drama,Historical Fiction,NA,NA,7.2,466
Leaving Las Vegas,31983777,49800000,NA,4000000,27-Oct-95,R,NA,MGM,Based on Book/Short Story,Drama,Contemporary Fiction,Mike Figgis,89,7.6,42131
The Lawnmower Man,32100816,32100816,NA,10000000,6-Mar-92,NA,NA,New Line,Original Screenplay,Action,Science Fiction,NA,47,5.1,12607
Lone Wolf McQuade,12232628,12232628,NA,5000000,15-Apr-83,NA,NA,Orion Pictures,Original Screenplay,Action,Contemporary Fiction,NA,NA,5.8,2917
Little Women,50003303,50003303,NA,15000000,21-Dec-94,PG,NA,Sony Pictures,Based on Book/Short Story,Drama,Historical Fiction,NA,89,7.1,16514
Lawrence of Arabia,37495385,69995385,NA,15000000,16-Dec-62,NA,NA,Sony Pictures,Based on Book/Short Story,Adventure,Dramatization,David Lean,98,8.6,79421
Menace II Society,27731527,27731527,NA,3500000,26-May-93,R,NA,New Line,Original Screenplay,Action,Contemporary Fiction,Albert Hughes,85,7.4,14807
Much Ado About Nothing,22549338,22549338,NA,8000000,7-May-93,NA,NA,Goldwyn Entertainment,Based on Play,Drama,Historical Fiction,Kenneth Branagh,90,7.4,22470
